score name,Profile-based score (corrected for self-comparisons)
score sequences,40 sequences (3246F4E4 checksum)
score sequence ids,NS_CANIS NS_BOS NS_HOMO NS_PAN NS_MUS NS_RATTUS NS_MONODELPHIS NS_GALLUS NS_XENOPOS NS_FUGU NS_DANIO PP_HOMO PP_PAN PP_CANIS PP_BOS PP_MUS PP_RATTUS PP_MONODELPHIS PP_XENOPOS PAI1_HOMO PAI1_PAN PAI1_CANIS PAI1_BOS PAI1_MUS PAI1_RATTUS PAI1_MONODELPHIS PAI1_XENOPOS PAI1_DANIO PAI1_FUGU GDN_FUGU GDN_DANIO GDN_HOMO GDN_PAN GDN_BOS GDN_CANIS GDN_MUS GDN_RATTUS GDN_MONODELPHIS GDN_GALLUS GDN_XENOPOS
score number of sites,496 sites
score weighting,weighted by evolutionary distance
score against,Sequence profile
profile name,Sequence profile
profile sequences,40 sequences (3246F4E4 checksum)
profile sequence ids,NS_CANIS NS_BOS NS_HOMO NS_PAN NS_MUS NS_RATTUS NS_MONODELPHIS NS_GALLUS NS_XENOPOS NS_FUGU NS_DANIO PP_HOMO PP_PAN PP_CANIS PP_BOS PP_MUS PP_RATTUS PP_MONODELPHIS PP_XENOPOS PAI1_HOMO PAI1_PAN PAI1_CANIS PAI1_BOS PAI1_MUS PAI1_RATTUS PAI1_MONODELPHIS PAI1_XENOPOS PAI1_DANIO PAI1_FUGU GDN_FUGU GDN_DANIO GDN_HOMO GDN_PAN GDN_BOS GDN_CANIS GDN_MUS GDN_RATTUS GDN_MONODELPHIS GDN_GALLUS GDN_XENOPOS
profile number of sites,496 sites
profile weighting,weighted by evolutionary distance
profile substitution matrix,"vectors of Transformed 250 PAM PET91 matrix (Valdar 2001) to be in the range of [0.0-1.0] with constant diagonal., average diagonal, linear transform, gap 0.000, gap-gap 0.000"
report site selections,present sites
report sites,496 sites
report sequences shown,NS_CANIS NS_BOS NS_HOMO NS_PAN NS_MUS NS_RATTUS NS_MONODELPHIS NS_GALLUS NS_XENOPOS NS_FUGU NS_DANIO PP_HOMO PP_PAN PP_CANIS PP_BOS PP_MUS PP_RATTUS PP_MONODELPHIS PP_XENOPOS PAI1_HOMO PAI1_PAN PAI1_CANIS PAI1_BOS PAI1_MUS PAI1_RATTUS PAI1_MONODELPHIS PAI1_XENOPOS PAI1_DANIO PAI1_FUGU GDN_FUGU GDN_DANIO GDN_HOMO GDN_PAN GDN_BOS GDN_CANIS GDN_MUS GDN_RATTUS GDN_MONODELPHIS GDN_GALLUS GDN_XENOPOS ANT3_CANIS ANT3_XENOPUS ANT3_MUS ANT3_RATTUS ANT3_FUGU ANT3_DANIO ANT3_GALLUS ANT3_STRUTHIO ANT3_HUMAN ANT3_PONGO ANT3_OVIS ANT3_BOVIN ANT3_CAVIA ANT3_CHELYDRA ANT3_SPHENODON ANT3_SALMO
report numbering by,reference sequence ANT3_HUMAN starting from -32
report numbering extent,-32 to 432j
note sequences,sequences marked * were not scored
note consensus,showing consensus determined from profile
consensus details,Consensus: residues with score >= 0.700 or >= 1.00 of max score
note scores,showing score for each position under score
note header ends,data follows immediately below
alignment num,report num,*Ref: ANT3_HUMAN,NS_CANIS,NS_BOS,NS_HOMO,NS_PAN,NS_MUS,NS_RATTUS,NS_MONODELPHIS,NS_GALLUS,NS_XENOPOS,NS_FUGU,NS_DANIO,PP_HOMO,PP_PAN,PP_CANIS,PP_BOS,PP_MUS,PP_RATTUS,PP_MONODELPHIS,PP_XENOPOS,PAI1_HOMO,PAI1_PAN,PAI1_CANIS,PAI1_BOS,PAI1_MUS,PAI1_RATTUS,PAI1_MONODELPHIS,PAI1_XENOPOS,PAI1_DANIO,PAI1_FUGU,GDN_FUGU,GDN_DANIO,GDN_HOMO,GDN_PAN,GDN_BOS,GDN_CANIS,GDN_MUS,GDN_RATTUS,GDN_MONODELPHIS,GDN_GALLUS,GDN_XENOPOS,*ANT3_CANIS,*ANT3_XENOPUS,*ANT3_MUS,*ANT3_RATTUS,*ANT3_FUGU,*ANT3_DANIO,*ANT3_GALLUS,*ANT3_STRUTHIO,*ANT3_HUMAN,*ANT3_PONGO,*ANT3_OVIS,*ANT3_BOVIN,*ANT3_CAVIA,*ANT3_CHELYDRA,*ANT3_SPHENODON,*ANT3_SALMO,consensus 1,consensus 1 score,consensus 2,consensus 2 score,score
1,-32,M,-,-,-,-,-,-,-,-,-,-,-,-,-,-,-,-,-,-,-,-,-,-,-,-,-,-,-,-,-,-,-,-,-,-,-,-,-,-,-,-,M,-,M,M,-,-,-,-,M,M,M,-,-,-,-,-,,,,,0.0
2,-31,Y,-,-,-,-,-,-,-,-,-,-,-,-,-,-,-,-,-,-,-,-,-,-,-,-,-,-,-,-,-,-,-,-,-,-,-,-,-,-,-,-,F,-,Y,Y,-,-,-,-,Y,Y,I,-,-,-,-,-,,,,,0.0
3,-30,S,-,-,-,-,-,-,-,-,-,-,-,-,-,-,-,-,-,-,-,-,-,-,-,-,-,-,-,-,-,-,-,-,-,-,-,-,-,-,-,-,S,-,S,S,-,-,-,-,S,S,S,-,-,-,-,-,,,,,0.0
4,-29,N,-,-,-,-,-,-,-,-,-,-,-,-,-,-,-,-,-,-,-,-,-,-,-,-,-,-,-,-,-,-,-,-,-,-,-,-,-,-,-,-,N,-,P,P,-,-,-,-,N,N,N,-,-,-,-,-,,,,,0.0
5,-28,V,-,-,-,-,-,-,-,-,-,-,-,-,-,-,-,-,-,-,-,-,-,-,-,-,-,-,-,-,-,-,-,-,-,-,-,-,-,-,-,-,G,-,G,G,-,-,-,-,V,V,G,-,-,-,-,-,,,,,0.0
6,-27,I,-,-,-,-,-,-,-,-,-,-,-,-,-,-,-,-,-,-,-,-,-,-,-,-,-,-,-,-,-,-,-,-,-,-,-,-,-,-,-,-,I,-,A,I,-,-,-,-,I,I,I,-,-,-,-,-,,,,,0.0
7,-26,G,-,-,-,-,-,-,-,-,-,-,-,-,-,-,-,-,-,-,-,-,-,-,-,-,-,-,-,-,-,-,-,-,-,-,-,-,-,-,-,-,G,-,G,G,-,-,-,-,G,G,G,-,M,-,-,-,,,,,0.0
8,-25,T,-,-,-,-,-,-,-,-,-,-,-,-,-,-,-,-,-,-,-,-,-,-,-,-,-,-,-,-,-,-,-,-,-,-,-,-,-,-,-,-,M,-,S,S,-,-,-,-,T,T,T,-,F,-,-,-,,,,,0.0
9,-24,V,-,-,-,-,-,-,-,-,-,-,-,-,-,-,-,-,-,-,-,-,-,-,-,-,-,-,-,-,-,-,-,-,-,-,-,-,-,-,-,-,I,-,G,A,-,-,-,-,V,I,V,-,S,-,-,-,,,,,0.0
10,-23,T,-,-,-,-,-,-,-,-,-,-,-,-,-,-,-,-,-,-,-,-,-,-,-,-,-,-,-,-,-,-,-,-,-,-,-,-,-,-,-,-,A,-,A,V,-,-,-,-,T,T,T,-,R,-,-,-,,,,,0.0
11,-22,S,-,-,-,-,-,-,-,-,-,-,-,-,-,-,-,-,-,-,-,-,-,-,-,-,-,-,-,-,-,-,-,-,-,-,-,-,-,-,-,-,A,-,A,A,-,-,-,-,S,S,T,-,A,-,-,-,,,,,0.0
12,-21,G,-,-,-,-,-,-,-,-,-,-,-,-,-,-,-,-,-,-,-,-,-,-,-,-,-,-,-,-,-,-,-,-,-,-,-,-,-,-,-,-,G,-,G,G,-,-,-,-,G,G,G,-,S,-,-,-,,,,,0.0
13,-20,K,-,-,-,-,-,-,-,-,-,-,-,-,-,-,-,-,-,-,-,-,-,-,-,-,-,-,-,-,-,-,-,-,-,-,-,-,-,-,-,-,K,-,E,E,-,-,-,-,K,K,K,-,G,-,-,-,,,,,0.0
14,-19,R,-,-,-,-,-,-,-,-,-,-,-,-,-,-,-,-,-,-,-,-,-,-,-,-,-,-,-,-,-,-,-,-,-,-,-,-,-,-,-,-,R,-,R,R,-,-,-,-,R,R,R,-,K,-,-,-,,,,,0.0
15,-18,K,-,-,-,-,-,-,-,-,-,-,-,-,-,-,-,-,-,-,-,-,-,-,-,-,-,-,-,-,-,-,-,-,-,-,-,-,-,-,-,-,R,-,K,K,-,-,-,-,K,K,S,-,R,-,-,M,,,,,0.0
16,-17,V,-,-,-,-,-,-,-,-,-,-,-,-,-,-,-,-,-,-,-,-,-,-,-,-,-,-,-,-,-,-,-,-,-,-,-,-,-,-,-,-,T,-,L,L,-,-,-,M,V,V,M,-,Q,M,-,R,,,,,0.0
17,-16,Y,-,-,-,-,-,-,-,-,-,-,-,-,-,-,-,-,-,-,-,-,-,-,-,-,-,-,-,-,-,-,-,-,-,-,-,-,-,-,-,-,C,M,C,C,-,M,-,H,Y,Y,C,-,V,H,M,L,,,,,0.0
18,-15,L,-,-,-,-,-,-,-,-,-,-,-,-,-,-,-,-,-,-,-,-,-,-,-,-,-,-,-,-,-,-,-,-,-,-,-,-,-,-,-,-,L,Y,L,L,M,K,-,L,L,L,L,-,C,L,H,P,,,,,0.0
19,-14,L,-,-,-,-,-,-,-,-,-,-,-,-,-,-,-,-,-,-,-,-,-,-,-,-,-,-,-,-,-,-,-,-,-,-,-,-,-,-,-,-,L,L,L,L,P,L,-,F,L,L,F,-,L,F,L,Q,,,,,0.0
20,-13,S,-,-,-,-,-,-,-,-,-,-,-,-,-,-,-,-,-,-,-,-,-,-,-,-,-,-,-,-,-,-,-,-,-,-,-,-,-,-,-,-,S,L,S,S,A,L,-,V,S,S,P,-,L,V,F,F,,,,,0.0
21,-12,L,-,-,-,-,-,-,-,-,-,-,-,-,-,-,-,-,-,-,-,-,-,-,-,-,-,-,-,-,-,-,-,-,-,-,-,-,-,-,-,-,L,S,L,L,S,A,-,A,L,L,L,-,S,W,T,V,,,,,0.0
22,-11,L,-,-,-,-,-,-,-,-,-,-,-,-,-,-,-,-,-,-,-,-,-,-,-,-,-,-,-,-,-,-,-,-,-,-,-,-,-,-,-,-,L,L,L,L,D,C,-,C,L,L,L,-,V,L,L,W,,,,,0.0
23,-10,L,-,-,-,-,-,-,-,-,-,-,-,-,-,-,-,-,-,-,-,-,-,-,-,-,-,-,-,-,-,-,-,-,-,-,-,-,-,-,-,-,L,L,L,L,W,M,-,L,L,L,L,-,L,I,L,T,,,,,0.0
24,-9,I,-,-,-,-,-,-,-,-,-,-,-,-,-,-,-,-,-,-,-,-,-,-,-,-,-,-,-,-,-,-,-,-,-,-,-,-,-,-,-,-,I,L,I,I,L,W,-,F,I,I,I,-,L,I,V,L,,,,,0.0
25,-8,G,-,-,-,-,-,-,-,-,-,-,-,-,-,-,-,-,-,-,-,-,-,-,-,-,-,-,-,-,-,-,-,-,-,-,-,-,-,-,-,-,G,L,G,G,L,A,-,G,G,G,G,-,T,S,I,G,,,,,0.0
26,-7,F,-,-,-,-,-,-,-,-,-,-,-,-,-,-,-,-,-,-,-,-,-,-,-,-,-,-,-,-,-,-,-,-,-,-,-,-,-,-,-,-,L,S,A,A,L,L,-,I,F,F,L,-,L,L,S,L,,,,,0.0
27,-6,W,-,-,-,-,-,-,-,-,-,-,-,-,-,-,-,-,-,-,-,-,-,-,-,-,-,-,-,-,-,-,-,-,-,-,-,-,-,-,-,-,W,L,L,L,L,W,-,W,W,W,W,-,W,W,I,L,,,,,0.0
28,-5,D,-,-,-,-,-,-,-,-,-,-,-,-,-,-,-,-,-,-,-,-,-,-,-,-,-,-,-,-,-,-,-,-,-,-,-,-,-,-,-,-,G,L,G,G,A,A,-,A,D,D,G,-,S,G,W,L,,,,,0.0
29,-4,C,-,-,-,-,-,-,-,-,-,-,-,-,-,-,-,-,-,-,-,-,-,-,-,-,-,-,-,-,-,-,-,-,-,-,-,-,-,-,-,-,C,G,C,C,S,F,-,L,C,C,C,-,S,A,G,P,,,,,0.0
30,-3,V,-,-,-,-,-,-,-,-,-,-,-,-,-,-,-,-,-,-,-,-,-,-,-,-,-,-,-,-,-,-,-,-,-,-,-,-,-,-,-,-,V,S,A,A,L,A,-,A,V,V,V,-,V,V,V,L,,,,,0.0
31,-2,T,-,-,-,-,-,-,-,-,-,-,-,-,-,-,-,-,-,-,-,-,-,-,-,-,-,-,-,-,-,-,-,-,-,-,-,-,-,-,-,-,V,G,I,V,H,L,-,S,T,T,T,-,A,A,V,L,,,,,0.0
32,-1,C,-,-,-,-,-,-,-,-,-,-,-,-,-,-,-,-,-,-,-,-,-,-,-,-,-,-,-,-,-,-,-,-,-,-,-,-,-,-,-,-,C,Y,C,C,V,C,-,P,C,C,C,-,C,P,A,S,,,,,0.0
33,1,H,-,-,-,-,-,-,-,-,-,-,-,-,-,-,-,-,-,-,-,-,-,-,-,-,-,-,-,-,-,-,-,-,-,-,-,-,-,-,-,-,P,L,H,H,V,S,-,Q,H,H,H,H,Q,Q,P,T,,,,,0.0
34,2,G,-,-,-,-,-,-,-,-,-,-,-,-,-,-,-,-,-,-,-,-,-,-,-,-,-,-,-,-,-,-,-,-,-,-,-,-,-,-,-,-,W,Q,G,G,S,I,-,R,G,G,R,R,G,Y,Q,S,,,,,0.0
35,3,S,-,-,-,-,-,-,-,-,-,-,-,-,-,-,-,-,-,-,-,-,-,-,-,-,-,-,-,-,-,-,-,-,-,-,-,-,-,-,-,-,S,S,N,N,A,H,-,Y,S,S,S,S,N,H,H,Q,,,,,0.0
36,4,P,-,-,-,-,-,-,-,-,-,-,-,-,-,-,-,-,-,-,-,-,-,-,-,-,-,-,-,-,-,-,-,-,-,-,-,-,-,-,-,-,P,Q,P,P,D,A,-,V,P,P,P,P,P,P,H,A,,,,,0.0
37,4a,-,-,-,-,-,-,-,-,-,-,-,-,-,-,-,-,-,-,-,-,-,-,-,-,-,-,-,-,-,-,-,-,-,-,-,-,-,-,-,-,-,G,N,V,V,V,T,-,V,-,-,V,V,V,V,P,F,,,,,0.0
38,5,V,-,-,-,-,-,-,-,-,-,-,-,-,-,-,-,-,-,-,-,-,-,-,-,-,-,-,-,-,-,-,-,-,-,-,-,-,-,-,-,-,E,A,D,D,L,K,-,E,V,V,E,E,E,E,V,K,,,,,0.0
39,6,D,-,-,-,-,-,-,-,-,-,-,-,-,-,-,-,-,-,-,-,-,-,-,-,-,-,-,-,-,-,-,-,-,-,-,-,-,-,-,-,-,D,D,D,D,D,D,-,D,D,D,D,D,D,D,D,D,,,,,0.0
40,7,I,-,-,-,-,-,-,-,-,-,-,-,-,-,-,-,-,-,-,-,-,-,-,-,-,-,-,-,-,-,-,-,-,-,-,-,-,-,-,-,-,I,I,I,I,I,I,-,I,I,I,I,V,I,I,I,I,,,,,0.0
41,8,C,-,-,-,-,-,-,-,-,-,-,-,-,-,-,-,-,-,-,-,-,-,-,-,-,-,-,-,-,-,-,-,-,-,-,-,-,-,-,-,-,C,C,C,C,C,C,-,C,C,C,C,C,C,C,C,C,,,,,0.0
42,9,T,-,-,-,-,-,-,-,-,-,-,-,-,-,-,-,-,-,-,-,-,-,-,-,-,-,-,-,-,-,-,-,-,-,-,-,-,-,-,-,-,T,L,I,I,G,N,-,T,T,I,T,T,V,T,T,N,,,,,0.0
43,10,A,-,-,-,-,-,-,-,-,-,-,-,-,-,-,-,-,-,-,-,-,-,-,-,-,-,-,-,-,-,-,-,-,-,-,-,-,-,-,-,-,A,A,A,A,A,A,-,A,A,A,A,A,A,A,A,A,,,,,0.0
44,11,K,-,-,-,-,-,-,-,-,-,-,-,-,-,-,-,-,-,-,-,-,-,-,-,-,-,-,-,-,-,-,-,-,-,-,-,-,-,-,-,-,K,K,K,K,K,K,-,K,K,K,K,K,K,K,K,K,,,,,0.0
45,12,P,-,-,-,-,-,-,-,-,-,-,-,-,-,-,-,-,-,-,-,-,-,-,-,-,-,-,-,-,-,-,-,-,-,-,-,-,-,-,-,-,P,P,P,P,P,P,-,P,P,P,P,P,P,P,P,P,,,,,0.0
46,13,R,-,-,-,-,-,-,-,-,-,-,-,-,-,-,-,-,-,-,-,-,-,-,-,-,-,-,-,-,-,-,-,-,-,-,-,-,-,-,-,-,R,K,R,R,R,K,R,R,R,R,R,R,R,R,R,K,,,,,0.0
47,14,D,-,-,-,-,-,-,-,-,-,-,-,-,-,-,-,-,-,-,-,-,-,-,-,-,-,-,-,-,-,-,-,-,-,-,-,-,-,-,-,-,D,D,D,D,D,D,D,D,D,D,D,D,D,D,D,D,,,,,0.0
48,15,I,-,-,-,-,-,-,-,-,-,-,-,-,-,-,-,-,-,-,-,-,-,-,-,-,-,-,-,-,-,-,-,-,-,-,-,-,-,-,-,-,I,I,I,I,L,L,I,I,I,I,I,I,V,I,I,V,,,,,0.0
49,16,P,-,-,-,-,-,-,-,-,-,-,-,-,-,-,-,-,-,-,-,-,-,-,-,-,-,-,-,-,-,-,-,-,-,-,-,-,-,-,-,-,P,P,P,P,A,P,P,P,P,P,P,P,P,P,A,P,,,,,0.0
50,17,M,-,-,-,-,-,-,-,-,-,-,-,-,-,-,-,-,-,-,-,-,-,-,-,-,-,-,-,-,-,-,-,-,-,-,-,-,-,-,-,-,V,L,V,V,L,L,V,V,M,M,V,V,W,V,V,L,,,,,0.0
51,18,N,-,-,-,-,-,-,-,-,-,-,-,-,-,-,-,-,-,-,-,-,-,-,-,-,-,-,-,-,-,-,-,-,-,-,-,-,-,-,-,-,N,T,N,N,E,E,N,N,N,N,N,N,N,N,N,E,,,,,0.0
52,19,P,-,-,-,-,-,-,-,-,-,-,-,-,-,-,-,-,-,-,-,-,-,-,-,-,-,-,-,-,-,-,-,-,-,-,-,-,-,-,-,-,P,P,P,P,P,P,P,P,P,P,P,P,P,P,P,P,,,,,0.0
53,20,M,-,-,-,-,-,-,-,-,-,-,-,-,-,-,-,-,-,-,-,-,-,-,-,-,-,-,-,-,-,-,-,-,-,-,-,-,-,-,-,-,M,M,L,M,R,M,I,I,M,M,M,M,M,M,M,R,,,,,0.0
54,21,C,-,-,-,-,-,-,-,-,-,-,-,-,-,-,-,-,-,-,-,M,M,M,M,M,M,-,-,-,-,-,-,-,-,-,-,-,-,-,-,-,C,C,C,C,C,C,C,C,C,C,C,C,C,C,C,C,,,,,0.019470379106356385
55,22,I,-,-,-,-,-,-,-,-,-,-,-,-,-,-,-,-,-,-,-,Q,Q,Q,R,Q,Q,-,-,-,-,-,-,-,-,-,-,-,-,-,-,-,I,V,I,I,I,I,I,I,I,I,I,I,I,I,I,I,,,,,0.016021545599545956
56,23,Y,-,-,-,-,-,-,-,-,-,-,-,-,-,-,-,-,-,-,-,M,M,M,M,M,M,M,-,-,-,-,-,-,-,-,-,-,-,-,-,-,Y,Y,Y,Y,Y,Y,Y,Y,Y,Y,Y,Y,Y,Y,Y,Y,,,,,0.027337475711088129
57,24,R,-,-,-,-,-,-,-,-,-,M,-,-,-,-,-,-,-,M,-,S,S,S,S,S,S,K,M,-,-,M,-,-,-,-,-,-,-,-,-,-,R,R,R,R,R,R,R,R,R,R,R,R,R,R,R,R,,,,,0.040225674978103483
58,25,S,-,-,-,-,-,-,-,-,-,S,-,-,-,-,-,-,-,T,M,P,P,P,P,S,S,L,S,-,-,K,-,M,M,M,M,M,M,M,-,-,S,K,S,S,S,N,N,N,S,S,S,S,V,N,S,S,,,,,0.09885217787991174
59,26,P,-,-,-,-,-,-,-,-,-,M,-,-,-,-,-,-,-,Q,K,A,A,V,V,A,A,S,R,-,-,T,M,N,N,N,N,N,N,S,M,M,P,T,P,P,P,P,P,P,P,P,P,S,P,P,P,P,,,,,0.11481134806097966
60,27,E,-,-,-,-,-,-,-,-,-,L,-,-,-,-,-,-,-,T,R,L,L,F,F,L,L,R,N,-,-,L,C,W,W,W,W,W,W,W,N,R,E,L,G,A,D,D,E,E,E,E,E,E,D,E,E,E,,,,,0.10590656697833471
61,28,K,-,-,-,-,-,-,-,-,-,D,M,-,-,-,-,-,-,W,L,T,A,A,A,A,T,V,L,-,-,S,V,H,H,H,H,H,H,Q,W,S,K,E,K,K,P,-,K,K,K,K,K,K,K,K,K,D,,,,,0.10530038558200205
62,29,K,-,-,-,-,-,-,-,-,-,I,L,-,-,-,-,-,-,F,Y,C,C,C,C,C,C,F,R,-,-,F,L,L,L,F,F,F,F,F,H,L,K,A,K,K,E,E,K,K,K,K,K,K,K,K,K,E,,,,,0.15035153002154755
63,30,A,M,M,M,M,M,M,M,M,M,L,L,M,M,M,M,M,M,G,P,L,L,L,L,L,L,A,C,-,-,L,F,P,P,P,S,P,P,P,F,F,A,V,A,A,A,I,P,L,A,A,A,A,A,E,L,A,,,,,0.43090534108151463
64,31,T,A,A,A,A,T,A,T,Y,H,S,L,D,D,N,D,N,K,R,G,V,V,A,A,I,T,C,M,M,-,C,R,L,L,F,F,F,F,L,S,T,V,E,T,T,P,Q,Q,Q,T,T,T,T,T,S,Q,P,,,,,0.29998076413138297
65,32,E,F,F,F,F,Y,Y,F,F,H,P,V,T,T,K,K,K,K,F,V,L,L,L,L,L,L,L,I,Q,M,L,C,F,F,F,F,F,F,L,L,L,E,A,E,E,E,P,E,E,E,E,E,E,E,E,E,T,,,,,0.42346936570876603
66,33,D,L,L,L,L,L,L,F,L,L,L,V,I,I,I,I,T,T,L,I,G,G,G,G,G,G,S,V,S,L,F,G,L,L,L,L,I,I,L,L,L,D,E,E,E,P,N,R,G,D,D,G,G,Y,G,G,G,,,,,0.4623618252819644
67,34,E,G,G,G,G,E,G,G,G,S,V,L,F,S,L,L,I,I,L,V,L,L,L,L,L,L,L,V,L,F,G,V,L,L,V,V,L,L,F,F,F,E,E,D,D,L,K,R,E,E,E,E,Q,E,L,E,D,,,,,0.43838748019926327
68,34a,-,-,-,-,-,-,-,-,-,-,-,-,-,-,-,-,-,-,-,-,-,-,-,-,-,-,-,-,-,-,-,-,-,-,-,-,-,-,-,-,-,-,K,-,-,T,E,-,-,-,-,-,-,-,-,-,A,,,,,0.0
69,34b,-,-,-,-,-,-,-,-,-,-,-,-,-,-,-,-,-,-,-,-,-,-,-,-,-,-,-,-,-,-,-,-,-,-,-,-,-,-,-,-,-,-,E,-,-,T,P,-,-,-,-,-,-,-,-,-,I,,,,,0.0
70,34c,-,-,-,-,-,-,-,-,-,-,-,-,-,-,-,-,-,-,-,-,-,-,-,-,-,-,-,-,-,-,-,-,-,-,-,-,-,-,-,-,-,-,K,-,-,-,-,-,-,-,-,-,-,-,-,-,P,,,,,0.0
71,34d,-,-,-,-,-,-,-,-,-,-,-,-,-,-,-,-,-,-,-,-,-,-,-,-,-,-,-,-,-,-,-,-,-,-,-,-,-,-,-,-,-,-,E,-,-,-,-,G,G,-,-,-,-,-,G,G,-,,,,,0.0
72,34e,-,-,-,-,-,-,-,-,-,-,-,-,-,-,-,-,-,-,-,-,-,-,-,-,-,-,-,-,-,-,-,-,-,-,-,-,-,-,-,-,-,-,P,-,-,-,-,A,Q,-,-,-,-,-,S,P,-,,,,,0.0
73,34f,-,-,-,-,-,-,-,-,-,-,-,-,-,-,-,-,-,-,-,-,-,-,-,-,-,-,-,-,-,-,-,-,-,-,-,-,-,-,-,-,-,-,A,-,-,-,-,G,E,-,-,-,-,-,E,E,-,,,,,0.0
74,35,G,L,L,L,L,L,L,L,L,L,L,P,L,L,L,L,L,L,T,A,A,A,A,A,V,V,L,L,S,A,L,L,A,A,A,A,T,T,T,L,L,G,Q,G,V,-,-,A,T,G,G,G,G,G,Q,Q,-,,,,,0.56058104426000088
75,36,S,F,F,F,F,L,L,L,L,L,L,P,W,W,W,W,W,W,L,V,L,L,L,L,L,L,L,L,V,Y,V,F,S,S,S,A,T,T,T,L,G,A,Q,S,L,-,-,G,G,S,S,S,S,T,G,E,-,,,,,0.41600126345772159
76,37,E,S,S,S,S,A,S,A,S,A,T,L,S,S,S,S,S,S,C,T,V,V,V,I,V,V,I,S,L,T,V,L,V,V,V,V,V,V,V,G,A,E,E,E,E,-,-,E,K,E,E,E,E,E,N,K,-,,,,,0.47510605670168043
77,38,Q,L,L,L,L,L,L,L,L,L,L,L,L,L,L,L,F,F,G,L,F,F,F,F,S,F,I,L,L,L,L,L,T,T,T,T,T,T,T,T,F,Q,Q,Q,Q,H,E,G,G,Q,Q,Q,Q,Q,E,E,E,,,,,0.55610313949086521
78,39,K,L,L,L,L,L,V,L,L,I,M,L,L,L,L,L,L,L,P,C,G,G,G,G,G,G,G,A,I,L,R,C,L,L,L,L,L,L,L,L,L,K,K,K,K,P,N,Q,K,K,K,K,K,K,K,K,K,,,,,0.50919569047121027
79,40,I,V,V,V,V,A,A,I,V,V,L,L,L,L,L,L,L,L,F,G,E,E,E,E,K,K,V,S,F,L,G,S,P,P,P,P,Y,S,T,A,A,I,V,V,V,V,I,D,I,I,I,I,I,I,I,L,V,,,,,0.35156558931942666
80,41,P,L,L,L,L,L,L,L,L,M,Q,R,L,L,I,T,F,F,L,V,G,G,A,G,G,G,G,V,A,L,H,V,S,S,S,S,S,S,S,S,S,P,P,P,P,P,P,P,P,P,P,P,P,P,P,P,P,,,,,0.37772715628883297
81,42,E,Q,Q,Q,Q,Q,Q,P,P,Q,C,G,F,F,F,F,F,L,M,W,S,S,S,S,F,F,D,T,L,A,G,S,I,I,V,V,V,V,A,V,A,E,E,E,E,G,V,G,G,E,E,G,G,E,E,D,E,,,,,0.31384605357005257
82,43,A,S,S,S,S,S,S,S,S,A,H,C,F,F,S,S,S,S,L,I,A,A,A,A,T,A,S,S,C,L,G,V,C,C,C,C,H,Y,Y,C,Q,A,S,A,A,S,G,V,F,A,A,A,A,A,S,F,N,,,,,0.41944617404344731
83,44,T,L,L,M,M,V,L,M,K,L,Y,F,G,G,G,G,G,G,R,T,V,V,S,S,L,S,L,A,A,S,A,S,S,S,S,S,S,S,S,S,P,T,T,T,T,T,T,H,T,T,T,T,T,T,T,T,T,,,,,0.39119362560042842
84,45,N,A,A,A,A,V,V,A,A,V,C,C,S,S,S,S,S,S,S,C,H,H,Y,Y,P,P,P,Q,S,R,L,Q,H,H,Q,Q,Q,Q,H,Q,E,N,N,N,N,N,N,K,N,N,N,N,N,N,N,N,N,,,,,0.37348872424105312
85,46,R,L,L,T,T,T,T,L,F,F,H,Q,Q,Q,Q,Q,Q,Q,H,N,H,H,S,Q,L,L,Q,N,S,A,S,S,F,F,F,F,F,L,L,F,L,R,P,R,R,P,P,P,P,R,R,R,R,R,P,P,P,,,,,0.36841661174928586
86,47,R,A,G,G,A,G,G,S,K,G,G,A,A,A,A,A,T,T,S,A,P,P,Y,P,R,P,H,R,L,A,Q,Q,N,N,N,N,N,N,D,N,D,R,R,R,R,R,R,P,R,R,R,R,R,R,R,R,R,,,,,0.39307189238321472
87,48,V,A,T,A,A,A,A,T,T,T,T,S,S,S,S,S,S,S,A,S,P,P,Q,Q,E,E,N,V,C,L,A,S,P,P,P,P,S,S,P,F,L,V,V,V,V,V,V,V,V,V,V,V,V,V,V,V,V,,,,,0.42683674912890457
88,49,W,T,T,T,T,T,A,S,N,S,D,D,R,R,R,S,R,R,S,R,S,S,T,S,S,S,P,S,N,S,P,S,L,L,L,L,L,L,F,Y,L,W,Y,W,W,W,W,W,W,W,W,W,W,W,W,W,W,,,,,0.39057654901510275
89,50,E,F,F,F,F,F,F,F,F,V,V,V,C,C,P,P,A,T,L,L,Y,Y,R,A,H,H,Q,R,L,S,S,S,S,S,S,S,S,S,S,P,S,E,E,E,E,E,E,E,E,E,E,E,E,E,E,E,E,,,,,0.36879977371540373
90,51,L,P,T,P,P,P,P,P,P,H,P,P,S,S,L,W,T,M,L,W,V,V,A,A,T,T,V,V,I,L,Y,Y,L,L,L,L,L,L,L,L,L,L,L,L,L,L,L,L,L,L,L,L,L,L,L,L,L,,,,,0.39910135075902781
91,52,S,D,D,E,E,D,D,D,D,D,E,E,A,A,V,A,D,D,A,G,A,A,A,A,A,A,S,A,Q,Q,G,G,E,E,E,E,E,E,E,E,E,S,S,S,S,S,S,S,S,S,S,S,S,S,S,S,S,,,,,0.50055032293712909
92,53,K,E,E,E,E,E,E,E,E,E,D,D,Q,Q,Q,Q,Q,Q,D,D,H,H,G,S,H,Q,Q,Q,D,D,E,A,E,E,E,E,E,E,E,E,E,R,Q,K,K,K,K,R,R,K,K,K,K,K,K,K,K,E,0.70811773663490507,,,0.58800841665015968
93,54,A,T,T,A,A,T,T,T,T,T,P,V,K,K,R,R,K,K,N,A,L,L,L,L,Q,Q,M,K,K,K,R,R,L,L,L,L,L,L,L,L,L,A,A,A,A,A,A,A,A,A,A,A,A,A,A,A,A,,,,,0.39166865938635398
94,55,N,I,I,I,I,I,I,I,I,V,T,T,N,N,N,N,I,N,N,I,A,A,A,A,A,A,V,G,Q,Q,G,G,G,G,G,G,G,G,G,S,G,N,N,N,N,N,N,N,N,N,N,N,N,N,N,N,N,,,,,0.40970702935954689
95,56,S,A,A,A,A,T,A,A,A,N,A,A,T,T,V,A,A,A,T,T,S,S,T,T,T,T,T,T,T,T,S,S,S,S,S,S,S,S,S,S,S,S,A,S,S,A,S,S,S,S,S,S,S,S,T,S,S,,,,,0.58040180636650951
96,57,R,E,E,D,D,E,E,E,E,E,E,E,E,E,E,E,D,E,R,E,D,D,D,D,D,N,D,S,D,D,D,D,N,N,D,N,N,D,D,D,D,R,K,R,R,R,R,R,R,R,R,H,H,R,R,R,R,D,0.74907083435109423,E,0.70901309460203132,0.67325454613392843
97,58,F,L,L,L,L,W,W,L,L,F,F,F,F,F,F,F,F,F,F,L,F,F,F,F,F,F,F,F,F,F,L,L,T,T,T,T,T,T,T,V,I,F,F,F,F,F,F,F,F,F,F,F,F,F,F,F,F,,,,,0.54896483214912695
98,59,A,S,S,S,S,S,S,S,S,S,S,S,A,A,A,V,A,A,A,A,G,G,G,G,G,G,G,G,G,G,G,G,G,G,G,G,G,G,G,G,G,A,A,A,A,A,A,A,A,A,A,A,A,A,A,A,A,G,0.71124603906418116,,,0.61224626134868931
99,60,T,V,V,V,V,V,V,V,V,I,V,V,V,V,V,V,V,V,L,V,V,V,V,V,V,V,M,L,L,L,I,L,I,I,I,I,I,I,I,I,I,T,I,T,T,M,L,V,V,T,T,T,T,T,M,T,L,V,0.8073718531373848,,,0.7241971496485442
100,61,T,N,N,N,N,N,N,N,N,K,R,R,D,D,D,D,D,D,D,D,R,R,K,K,K,K,K,R,Q,K,Q,Q,Q,Q,Q,Q,Q,Q,Q,Q,Q,A,A,N,N,S,S,V,V,T,T,A,A,T,E,V,S,,,,,0.51221468392862379
101,62,F,M,M,M,M,M,V,V,V,V,L,L,L,L,L,L,L,L,L,L,V,V,V,V,V,V,V,L,V,V,V,V,V,V,V,V,V,V,I,V,V,F,F,F,F,L,L,F,F,F,F,F,F,M,F,F,L,V,0.77467160516529132,,,0.69342042171616103
102,63,Y,Y,Y,Y,Y,Y,Y,Y,Y,Y,Y,Y,Y,Y,Y,Y,Y,Y,Y,S,F,F,F,F,F,F,F,F,F,F,F,F,F,F,F,F,F,F,F,F,F,Y,Y,Y,Y,Y,F,Y,Y,Y,Y,Y,Y,Y,Y,Y,F,F,0.82980276194589264,Y,0.80430140328339506,0.79752422291056391
103,64,Q,N,N,N,N,N,N,N,N,H,H,H,Q,Q,Q,Q,K,K,Q,R,Q,Q,Q,Q,Q,Q,R,Q,A,S,Q,M,N,N,N,N,N,N,N,N,N,Q,K,Q,Q,K,K,K,K,Q,Q,Q,Q,Q,K,K,K,,,,,0.53284743523474676
104,65,H,H,H,R,R,H,H,H,Q,K,L,Q,E,E,T,A,A,A,T,A,Q,Q,E,Q,Q,H,E,E,E,Q,Q,Q,Q,Q,Q,Q,Q,Q,Q,Q,Q,H,N,H,H,Q,Q,H,Y,H,H,H,H,H,Y,H,Q,,,,,0.52608680064302438
105,66,L,L,L,L,L,L,L,L,L,L,L,L,V,V,I,V,I,I,I,I,V,V,V,V,V,V,V,V,A,L,E,V,I,I,I,I,I,I,I,I,V,V,L,L,L,V,L,L,L,L,L,L,L,L,L,L,L,,,,,0.6219888608724905
106,67,A,R,R,R,R,R,R,R,R,R,Q,Q,S,S,C,G,S,S,H,H,A,A,A,V,V,V,V,L,V,S,V,L,V,V,V,V,I,I,V,V,V,A,A,A,A,A,A,A,A,A,A,A,A,A,A,A,A,,,,,0.38702393204549895
107,68,D,-,-,-,-,-,-,-,-,-,-,-,-,-,-,-,-,-,-,-,-,-,-,-,-,-,-,-,-,-,-,-,-,-,-,-,-,-,-,-,-,D,D,D,D,S,E,D,D,D,D,D,D,K,D,D,Q,,,,,0.0
108,69,S,A,A,A,A,G,A,A,A,A,A,I,L,L,L,L,L,L,S,S,Q,Q,R,R,Q,Q,Q,A,Q,Q,R,Q,K,K,K,R,K,K,K,K,K,S,S,S,S,S,G,S,S,S,S,S,S,S,S,S,G,,,,,0.40423893131290467
109,70,K,T,T,T,T,T,T,T,A,T,G,S,S,S,S,S,S,S,L,S,A,A,A,A,A,A,T,D,S,S,S,D,S,S,S,S,S,S,S,A,S,K,K,K,K,R,K,K,K,K,K,K,K,K,K,K,K,,,,,0.56761343800713582
110,71,N,G,G,G,G,G,G,G,R,I,G,S,H,H,H,H,H,N,H,C,S,S,S,S,S,S,S,Q,A,S,R,R,R,R,Q,R,R,Q,R,K,R,N,Q,N,N,G,S,D,D,N,N,N,N,N,N,N,P,,,,,0.42664138242763888
111,72,D,E,E,E,E,E,E,E,E,E,D,G,-,-,-,-,-,-,-,T,K,K,K,K,K,K,G,W,P,V,P,A,P,P,P,P,P,P,P,P,P,D,N,D,D,P,N,N,N,D,D,N,N,E,D,D,S,,,,,0.26811696954848685
112,73,N,D,D,D,D,D,D,D,D,D,Q,E,K,K,E,K,K,K,E,E,D,D,D,D,D,D,D,G,D,D,L,Q,H,H,H,H,H,H,R,Q,H,N,T,N,N,E,D,E,G,N,N,N,N,N,N,H,E,,,,,0.52606540047040695
113,74,D,E,E,E,E,E,E,E,E,E,D,E,D,D,N,N,N,N,E,E,R,R,R,R,R,R,G,K,R,K,D,E,D,D,D,D,E,E,E,D,E,D,E,D,D,S,E,E,E,D,D,D,D,D,E,G,S,,,,,0.56757732524002702
114,75,N,N,N,N,N,N,N,N,N,N,N,N,N,N,N,N,N,N,N,N,N,N,N,N,N,N,N,N,N,N,N,N,N,N,N,N,N,N,N,N,N,N,N,N,N,N,N,N,N,N,N,N,N,N,N,N,N,N,0.99999999999999989,,,0.99999999999999989
115,76,I,I,I,I,I,I,I,I,I,I,I,I,I,I,I,I,I,V,V,I,V,V,M,V,V,V,V,L,L,V,I,V,I,I,I,V,V,V,I,V,F,I,I,I,I,I,I,I,I,I,I,I,I,I,I,I,I,I,0.80075916092217558,V,0.72399745143292704,0.73197099720121861
116,77,F,L,L,L,L,L,L,L,L,I,I,I,I,I,I,I,I,I,I,I,V,V,V,V,V,V,V,G,A,A,V,L,V,V,I,V,V,V,I,V,V,F,F,F,F,F,F,F,F,F,F,F,F,F,F,F,F,,,,,0.6188519302383908
117,78,L,F,F,F,F,F,F,F,F,F,F,F,F,F,F,I,F,F,F,F,F,F,F,F,F,F,F,F,L,M,L,L,I,I,I,V,V,I,I,V,M,L,M,L,L,M,L,L,M,L,L,L,L,L,M,M,M,F,0.77778617064827205,,,0.66035774461544683
118,79,S,S,S,S,S,S,S,S,C,S,S,S,S,S,S,S,S,S,S,S,S,S,S,S,S,S,S,S,S,S,S,S,S,S,S,S,S,S,S,S,S,S,S,S,S,S,S,S,S,S,S,S,S,S,S,S,S,S,0.98582292835515217,,,0.97160362012709922
119,80,P,P,P,P,P,P,P,P,P,P,P,P,P,P,P,P,P,P,P,P,P,P,P,P,P,P,P,P,P,P,P,P,P,P,P,P,P,P,P,P,P,P,P,P,P,P,P,P,P,P,P,P,P,P,P,P,P,P,0.99999999999999989,,,0.99999999999999989
120,81,L,L,L,L,L,L,L,L,L,L,L,L,L,L,L,L,L,L,L,L,Y,Y,Y,Y,Y,Y,Y,Y,Y,Y,H,H,H,H,H,H,H,H,H,H,H,L,L,L,L,I,I,L,L,L,L,L,L,L,L,L,I,,,,,0.55083885966805635
121,82,S,S,S,S,S,S,S,S,S,S,S,S,G,G,G,G,G,G,G,G,G,G,G,G,G,G,G,G,G,G,G,G,G,G,G,G,G,G,G,G,G,S,S,S,S,S,S,S,S,S,S,S,S,S,S,S,S,G,0.84101149016834487,,,0.76026815852085483
122,83,I,V,V,I,I,I,I,I,I,T,V,V,I,I,T,T,T,T,A,T,V,V,V,V,V,V,I,V,I,A,V,V,I,I,I,I,I,I,I,I,I,I,I,I,I,I,I,I,I,I,I,I,I,I,I,I,I,I,0.73839942270438119,,,0.65142946585230643
123,84,S,T,T,A,A,A,A,A,A,A,A,A,T,T,T,T,T,T,R,S,A,A,A,A,S,S,A,T,A,V,A,A,A,A,A,A,A,A,A,A,S,S,S,S,S,S,S,S,S,S,S,S,S,S,S,S,S,A,0.78009112544868264,,,0.66614684937253699
124,85,T,F,L,L,L,L,L,I,I,I,V,L,L,L,L,L,M,V,L,L,S,S,S,S,S,S,S,S,S,S,S,S,S,S,S,S,S,S,S,S,S,T,Q,T,T,T,T,T,T,T,T,T,T,T,T,T,S,,,,,0.53506611530776405
125,86,A,A,A,A,A,A,A,A,A,A,A,A,V,V,V,A,L,L,V,I,V,V,V,V,V,V,V,A,V,V,I,V,V,V,V,V,I,I,V,V,V,A,A,A,A,A,A,A,A,A,A,A,A,A,A,A,A,V,0.74113645389299487,,,0.64458843836577162
126,87,F,M,M,M,M,M,M,M,M,L,L,L,L,L,L,L,L,L,L,L,L,L,L,L,L,L,L,L,L,L,L,L,L,L,L,L,L,L,L,L,L,F,F,F,F,F,F,F,F,F,F,F,F,F,S,F,F,L,0.91208476555090756,,,0.85359870516655545
127,88,A,G,G,G,G,G,G,G,G,G,G,G,E,E,G,G,G,G,G,G,A,A,A,A,A,A,A,S,G,A,G,G,G,G,G,G,G,G,G,G,G,A,T,A,A,A,A,A,A,A,A,A,A,A,A,A,A,G,0.83018907585919111,,,0.7256171059114781
128,89,M,M,M,M,M,M,V,M,M,M,M,M,M,M,M,M,M,M,M,M,M,M,M,M,M,M,M,V,M,M,M,M,M,M,M,M,M,M,M,V,M,M,M,M,M,M,M,M,M,M,M,M,M,M,M,M,M,M,0.96002370001204151,,,0.92414145451621676
129,90,T,M,L,M,M,M,M,V,I,V,V,V,V,V,I,V,V,V,V,I,L,L,L,L,L,L,L,L,A,A,L,L,L,L,L,L,L,L,L,L,L,T,A,T,T,T,T,T,T,T,T,T,T,T,T,T,T,L,0.72646447049042229,,,0.63158016533652206
130,91,K,E,E,E,E,E,E,E,E,E,G,E,Q,Q,Q,Q,Q,Q,Q,K,Q,Q,Q,Q,Q,Q,Q,Q,Q,Q,L,L,Q,Q,Q,Q,Q,Q,Q,Q,Q,K,K,K,K,K,K,K,K,K,K,K,K,K,K,K,K,Q,0.79701219837288362,,,0.68118776381439994
131,92,L,L,L,L,L,L,L,L,L,L,L,L,L,L,L,L,L,L,M,L,L,L,L,L,M,L,L,S,M,L,P,P,L,L,L,L,L,L,L,L,L,L,L,L,L,L,L,L,L,L,L,L,L,L,L,L,L,L,0.90537420367845745,,,0.82501512902569207
132,93,G,G,G,G,G,G,G,G,G,G,G,G,G,G,G,G,G,G,G,G,T,T,T,T,T,T,T,G,G,G,G,G,G,G,G,G,G,G,G,G,G,G,G,G,G,G,G,G,G,G,G,G,G,G,G,G,G,G,0.88238377430273085,,,0.80126307687169585
133,94,A,A,A,A,A,A,A,A,A,A,A,A,A,A,A,A,A,A,A,A,T,T,T,T,T,T,T,A,A,A,A,A,A,A,A,A,A,A,A,A,A,A,A,A,A,A,A,A,A,A,A,A,A,A,A,A,A,A,0.90601282114446124,,,0.84118923534125023
134,95,C,Q,Q,Q,Q,Q,Q,R,H,R,R,R,K,K,K,K,K,K,K,R,G,G,A,G,A,A,G,A,Y,A,H,H,D,D,D,D,D,D,D,D,D,C,C,C,C,C,C,C,C,C,C,C,C,C,C,C,C,,,,,0.42384711765618366
135,96,N,G,G,G,G,G,G,G,G,G,G,G,G,G,G,G,G,G,G,G,G,G,G,G,G,G,G,G,G,G,G,G,G,G,G,G,G,G,G,G,G,N,N,N,N,N,N,G,G,N,N,N,N,N,G,G,N,G,0.99999999999999989,,,0.99999999999999989
136,97,D,S,S,S,S,S,S,S,T,S,V,S,K,K,R,K,K,K,K,A,E,E,E,E,K,K,N,T,A,K,E,D,R,R,R,R,K,R,K,K,K,N,N,D,N,Q,T,D,D,D,D,N,N,D,N,S,N,,,,,0.45862572097384791
137,98,T,T,T,T,T,T,T,T,T,S,S,S,A,A,A,A,A,A,A,A,T,T,T,T,T,T,T,T,T,T,T,T,T,T,T,T,T,T,T,T,T,T,T,T,T,T,T,T,T,T,T,T,T,T,T,T,T,T,0.84327250228069495,,,0.75030916434262185
138,99,L,L,L,Q,Q,R,L,L,L,L,L,L,Q,Q,Q,Q,Q,Q,H,L,Q,Q,C,R,R,R,R,L,L,L,R,R,K,K,K,K,K,K,K,K,K,L,L,L,L,L,L,L,L,L,L,L,L,L,L,L,L,,,,,0.44837466067252629
139,100,Q,K,K,K,K,K,K,K,K,K,E,Q,Q,Q,Q,Q,Q,Q,Q,S,Q,Q,R,Q,R,Q,E,D,K,R,K,R,K,K,K,K,K,K,K,K,K,K,K,K,K,E,E,Q,Q,Q,Q,K,T,K,Q,Q,K,K,0.7249869435079942,,,0.63110406052798318
140,101,Q,E,E,E,E,E,E,E,E,E,Q,E,Q,Q,Q,Q,Q,Q,Q,Q,Q,Q,Q,Q,Q,Q,Q,Q,L,A,Q,Q,Q,Q,Q,Q,Q,Q,Q,Q,Q,Q,E,Q,Q,Q,Q,Q,Q,Q,Q,Q,Q,Q,Q,Q,Q,Q,0.82899841293328624,,,0.72847092879187425
141,102,L,I,I,I,I,I,I,I,I,I,I,I,I,I,I,I,I,I,I,I,I,I,I,I,I,I,I,I,L,L,V,L,L,L,L,L,L,L,L,L,L,L,L,L,L,L,L,L,L,L,L,L,L,L,L,L,I,I,0.83100397707626772,,,0.75698463179786357
142,103,M,R,R,R,R,R,R,R,R,R,R,R,R,R,R,R,L,M,R,Q,Q,Q,Q,Q,Q,Q,Q,R,A,N,L,L,A,A,T,T,S,S,T,T,M,M,M,M,M,M,M,M,M,M,M,M,M,M,R,M,M,,,,,0.46252567410614442
143,104,E,H,H,H,H,H,H,H,H,H,K,Q,Q,Q,Q,K,K,Q,K,Q,A,A,E,E,D,D,A,K,S,S,T,N,M,M,T,T,T,T,T,T,T,E,E,E,E,R,K,E,E,E,E,E,E,E,K,E,N,,,,,0.41070469597003939
144,105,V,S,S,S,S,S,S,S,S,V,V,A,T,T,T,T,T,T,A,A,A,A,A,A,A,A,A,A,K,A,A,G,V,V,V,V,V,V,V,M,V,V,V,V,V,V,V,V,V,V,V,V,V,V,V,V,V,,,,,0.50202591974300459
145,106,F,M,M,M,M,M,M,M,L,L,A,V,L,L,L,L,L,L,L,L,M,M,M,M,M,M,M,L,M,M,L,L,M,M,M,M,M,M,M,M,M,F,F,F,F,F,F,F,F,F,F,F,F,F,F,F,F,M,0.81018721981956354,,,0.73793023648491729
146,107,K,G,G,G,G,G,G,G,G,G,G,G,K,K,K,K,R,R,R,K,G,G,Q,Q,G,G,E,N,G,G,R,K,R,R,R,R,R,R,R,R,R,K,Y,K,K,E,Q,Q,R,K,K,K,K,K,R,R,E,,,,,0.55183550273170268
147,108,F,Y,Y,Y,Y,Y,Y,Y,F,Y,F,Y,Q,Q,L,F,M,M,L,L,F,F,F,F,F,F,Y,Y,Y,F,Y,Y,Y,Y,Y,Y,Y,Y,Y,Y,Y,F,F,F,F,F,F,F,F,F,F,F,F,F,F,F,F,Y,0.77476645179599968,,,0.66005306243208983
148,109,D,D,D,D,D,E,E,E,D,D,S,S,Q,Q,Q,Q,R,Q,Q,Q,K,K,Q,K,K,N,S,G,S,S,K,K,G,G,G,G,N,N,G,S,K,D,D,D,D,D,D,D,D,D,D,D,D,D,D,D,D,,,,,0.44093464126641119
149,110,T,S,S,S,S,G,S,G,S,K,H,H,E,E,E,D,G,K,E,G,I,I,I,I,V,I,I,H,L,L,K,K,V,V,V,V,V,V,V,V,I,T,T,T,T,T,T,T,T,T,T,T,T,T,T,T,T,,,,,0.35568318772223867
150,111,I,L,L,L,L,L,L,L,L,L,L,F,T,T,N,T,T,T,D,N,D,D,D,E,N,S,E,K,Q,L,-,-,-,-,-,-,-,-,-,-,-,I,I,I,I,I,I,I,I,I,I,I,I,I,I,I,I,,,,,0.19857803024953188
151,112,S,K,K,K,K,K,K,K,K,K,V,R,S,S,S,S,P,S,S,Q,D,D,E,E,E,E,E,E,E,A,-,-,-,-,-,-,-,-,-,-,-,S,S,S,S,K,K,S,S,S,S,S,S,S,S,S,K,,,,,0.23664563634419269
152,113,E,N,N,N,N,G,S,D,N,N,S,E,A,A,T,T,A,T,I,D,K,K,K,K,K,R,K,W,R,R,N,N,N,N,N,N,N,N,N,N,N,E,E,E,E,E,E,E,E,E,E,E,E,E,E,E,E,,,,,0.46915369606313745
153,114,K,G,G,G,G,G,G,G,G,G,G,D,G,G,G,G,G,G,G,S,G,G,G,G,G,G,G,A,G,G,G,G,G,G,G,G,G,G,G,G,E,K,R,K,K,K,K,K,K,K,K,K,K,K,K,K,K,G,0.93663818947715405,,,0.87820080927685329
154,115,T,D,E,E,E,E,E,E,E,E,G,E,E,E,E,E,E,E,E,E,M,M,M,M,T,T,L,V,M,M,P,P,V,V,V,V,V,V,F,V,V,T,A,T,T,T,T,T,T,T,T,T,T,T,T,T,T,,,,,0.42527659624646563
155,116,S,E,E,E,E,E,E,E,E,E,E,E,E,E,E,E,E,E,E,E,A,A,A,A,A,A,A,A,P,S,Y,Y,G,G,G,G,G,G,G,G,A,S,S,S,S,L,S,S,S,S,S,S,S,S,S,S,S,,,,,0.50735347076449788
156,117,D,F,F,F,F,F,F,F,F,F,F,F,F,F,F,F,F,F,F,F,P,P,P,P,H,P,P,L,K,R,K,K,K,K,K,K,K,K,K,K,K,D,D,D,D,D,D,D,D,D,D,D,D,D,D,D,D,,,,,0.41610359382760692
157,118,Q,S,S,S,S,S,S,S,T,S,S,S,F,F,S,S,S,S,S,S,A,A,A,A,A,A,A,A,L,Q,M,M,I,I,M,V,V,V,V,A,S,Q,Q,Q,Q,Q,Q,Q,Q,Q,Q,Q,Q,Q,Q,Q,Q,,,,,0.48020423136816587
158,119,I,F,F,F,F,F,F,F,F,L,L,L,V,V,V,E,V,V,A,E,L,L,L,F,L,L,L,L,Q,Q,L,L,L,L,L,L,L,L,L,L,L,V,I,I,I,V,V,V,I,I,I,I,I,I,I,I,V,L,0.70331690973892702,,,0.55224173896380269
159,120,H,L,L,L,L,L,L,L,L,L,L,L,L,L,L,L,L,L,L,L,R,R,R,H,R,R,R,N,R,R,K,R,K,K,K,K,K,K,K,K,K,H,H,H,H,H,H,H,H,H,H,H,H,H,H,H,H,,,,,0.48046344855800105
160,121,F,K,K,K,K,R,R,K,K,K,Q,R,K,K,K,K,K,K,K,K,H,H,Q,R,Q,K,K,K,L,L,K,K,K,K,K,K,K,K,K,K,K,F,Y,F,F,F,F,F,F,F,F,F,F,F,S,F,F,K,0.84021739967433529,,,0.72556551948044923
161,122,F,D,D,E,E,D,D,D,D,D,N,N,S,S,S,S,S,S,S,T,L,L,L,L,L,L,L,L,L,L,L,L,I,I,I,I,I,I,I,I,I,F,F,F,F,F,F,F,F,F,F,F,F,F,F,F,F,,,,,0.39909760498600871
162,123,F,F,L,F,F,F,F,L,L,L,L,L,F,F,F,F,L,L,L,L,Y,Y,Y,Y,S,S,Y,R,Q,H,H,H,N,N,N,N,N,N,N,N,N,F,F,F,F,F,F,F,F,F,F,F,F,F,F,F,F,,,,,0.41105827592684524
163,124,A,S,S,S,S,S,S,S,S,S,T,S,F,F,F,F,F,F,L,L,K,K,K,K,K,K,K,E,R,R,K,K,K,K,K,K,K,K,K,R,R,A,A,A,A,A,A,A,A,A,A,A,A,A,A,A,A,,,,,0.41666519851900924
164,125,K,N,H,N,N,N,S,D,D,N,A,Q,S,S,S,S,S,S,S,A,E,E,E,E,E,E,E,Q,D,D,T,S,A,A,A,A,A,A,A,L,A,K,K,K,K,K,K,K,K,K,K,K,K,K,K,K,K,,,,,0.43900190362545671
165,126,L,M,M,M,M,M,M,M,M,M,P,A,A,A,A,A,A,A,A,V,L,L,L,L,L,L,L,I,L,L,L,L,I,I,I,I,I,I,I,I,I,L,L,L,L,L,L,L,L,L,L,L,L,L,L,L,L,,,,,0.52928450875161637
166,127,N,V,V,V,V,A,V,I,A,L,L,L,I,I,I,I,I,I,M,I,M,M,M,M,M,M,M,S,A,S,T,T,V,V,V,G,V,V,V,V,V,N,N,N,N,N,N,N,N,N,N,N,N,N,N,N,N,,,,,0.52621871846585067
167,128,C,T,T,T,T,S,S,T,T,T,A,S,S,S,S,S,S,S,P,S,G,G,G,G,G,G,A,G,S,S,A,T,S,S,S,S,S,S,S,S,A,C,C,C,C,C,C,C,C,C,C,C,C,C,C,C,C,S,0.70063661164883007,,,0.58480539176871504
168,129,R,A,A,A,A,A,A,T,T,A,D,T,E,E,E,E,K,K,P,E,P,P,P,P,P,S,P,Q,-,E,K,K,K,K,K,K,K,K,K,K,K,R,R,R,R,R,R,R,R,R,R,R,R,R,R,R,R,,,,,0.40941813594800142
169,130,L,K,E,K,K,E,E,E,E,Q,K,D,K,K,K,K,K,K,K,E,W,W,W,W,W,W,W,Q,-,D,A,S,K,K,K,K,K,K,K,K,K,L,L,L,L,L,L,L,L,L,L,L,L,L,L,L,L,,,,,0.45338258594478981
170,131,Y,E,E,E,E,E,E,E,E,E,E,E,K,K,K,K,K,K,R,N,N,N,N,N,N,N,N,K,-,G,N,N,N,N,N,N,N,N,N,N,N,Y,F,Y,Y,Y,Y,Y,Y,Y,Y,Y,Y,Y,Y,Y,Y,,,,,0.55869240864249359
171,132,R,S,S,S,S,N,G,N,S,K,A,E,Q,Q,Q,Q,Q,Q,Q,K,K,K,K,K,K,K,K,S,E,V,Q,A,K,K,K,K,K,K,K,K,K,R,R,R,R,R,R,K,K,R,R,R,R,R,K,K,R,,,,,0.50726578907064457
172,133,K,Q,Q,Q,Q,Q,Q,H,H,H,H,Q,E,E,E,E,E,E,G,E,D,D,D,D,N,N,D,A,D,E,D,D,D,D,D,D,D,D,D,D,D,K,K,K,K,K,K,K,K,K,K,K,K,K,K,K,K,,,,,0.56522597072029357
173,134,A,Y,Y,Y,Y,Y,Y,Y,Y,Y,H,Y,F,F,F,F,F,F,F,F,E,E,E,E,E,E,E,E,G,T,S,I,I,I,I,I,I,I,I,I,I,A,A,A,A,K,K,A,A,A,A,A,A,A,A,A,K,,,,,0.3798174661938491
174,135,N,-,-,-,-,-,-,-,-,-,-,-,-,-,-,-,-,-,-,-,-,-,-,-,-,-,-,D,-,-,-,-,-,-,-,-,-,-,-,-,-,N,N,N,N,D,H,N,N,N,N,N,N,N,N,N,D,,,,,0.0
175,136,K,-,-,-,-,-,-,-,-,-,-,-,-,-,-,-,-,-,-,-,-,-,-,-,-,-,-,P,-,-,-,-,-,-,-,-,-,-,-,-,-,K,K,K,K,K,E,K,K,K,K,K,K,K,K,K,K,,,,,0.0
176,137,S,-,-,-,-,-,-,-,-,-,-,-,-,-,-,-,-,-,-,-,-,-,-,-,-,-,-,K,-,-,-,-,-,-,-,-,-,-,-,-,-,S,S,S,S,S,T,S,S,S,S,S,S,S,S,S,T,,,,,0.0
177,138,S,-,-,-,-,-,-,-,-,-,-,-,-,-,-,-,-,-,-,-,-,-,-,-,-,-,-,-,-,-,-,-,-,-,-,-,-,-,-,-,-,S,S,S,S,N,T,S,S,S,S,S,S,S,S,S,T,,,,,0.0
178,139,K,V,V,V,V,V,V,V,V,V,V,V,T,T,T,T,T,T,T,T,-,-,-,-,-,-,-,P,-,-,-,-,-,-,-,-,-,-,-,-,-,E,E,D,N,E,E,E,E,K,K,E,E,L,E,E,E,,,,,0.15040826430940749
179,140,L,M,M,M,M,M,M,M,L,L,V,V,F,F,F,F,F,F,F,F,I,I,I,I,I,I,F,V,V,-,L,V,V,V,V,V,V,V,V,V,V,L,L,L,L,L,L,L,L,L,L,L,L,V,L,L,L,,,,,0.53035798657023869
180,141,V,K,K,K,K,K,K,K,N,S,R,R,N,N,N,N,N,N,N,N,S,S,S,S,S,S,S,H,E,-,L,T,T,T,M,T,T,T,T,T,T,V,V,V,V,V,I,I,V,V,V,V,V,V,V,V,I,,,,,0.42189330779718848
181,142,S,I,I,I,I,L,I,M,M,I,F,L,L,L,L,L,L,L,L,L,T,T,T,T,T,T,T,I,V,-,I,I,V,V,V,V,V,V,V,I,S,S,S,S,S,S,S,S,S,S,S,S,S,A,S,S,S,,,,,0.50036180146751219
182,143,A,A,A,A,A,A,A,A,A,A,A,A,A,A,A,A,A,A,A,A,T,T,A,A,A,A,A,A,A,A,A,A,A,A,A,A,A,A,A,A,A,A,V,A,A,A,A,A,A,A,A,A,A,A,A,A,A,A,0.9735059852900726,,,0.94835045809583218
183,144,N,N,N,N,N,N,N,N,N,N,N,N,N,N,N,N,S,S,N,N,D,D,D,D,D,D,N,D,S,S,N,N,N,N,N,N,N,N,N,N,N,N,N,N,N,N,N,N,N,N,N,N,N,N,N,N,N,N,0.83964662357079856,,,0.73895128546940425
184,145,R,S,S,S,S,S,S,S,S,S,I,S,A,A,A,A,A,A,A,A,A,A,A,A,A,A,A,G,G,A,A,A,A,A,A,A,A,A,A,A,G,R,R,R,R,R,R,R,R,R,R,R,R,R,R,R,R,A,0.79098964981842146,,,0.68252518801944195
185,146,L,L,L,L,L,L,L,L,L,L,L,L,L,L,L,L,L,L,L,L,I,I,I,I,I,I,I,L,V,V,M,L,V,V,V,V,V,V,M,V,V,L,L,L,L,L,L,L,L,L,L,L,L,L,L,L,L,L,0.75079192298552144,,,0.6731777214520358
186,147,F,F,F,F,F,F,F,L,Y,Y,F,F,Y,Y,Y,Y,Y,Y,Y,Y,F,F,F,F,F,F,F,F,M,M,F,F,F,F,F,F,F,F,F,F,F,F,F,F,F,F,F,F,F,F,F,F,F,F,F,F,F,F,0.86417384999566116,Y,0.71214054335443544,0.77872845685474479
187,148,G,V,V,V,V,V,V,V,V,L,L,L,L,L,L,L,L,L,L,L,V,V,V,V,V,V,I,V,V,V,T,P,V,V,V,V,L,V,A,A,A,G,G,G,G,G,G,G,G,G,G,G,G,G,G,G,G,V,0.7455307949508243,,,0.64223163841980102
188,149,D,Q,Q,Q,Q,Q,Q,Q,Q,Q,Q,Q,Q,Q,Q,Q,Q,Q,Q,Q,Q,Q,Q,Q,Q,Q,Q,Q,D,E,K,N,K,K,K,K,R,R,K,K,S,D,E,D,D,D,D,E,E,D,D,D,D,D,E,E,E,Q,0.8152843146115677,,,0.70046918674046144
189,150,K,N,N,N,N,N,N,N,N,N,Q,S,E,E,E,E,E,E,E,E,R,R,R,R,R,R,R,R,R,R,E,E,N,N,N,N,N,N,N,S,S,K,K,K,K,K,K,K,K,K,K,K,K,K,K,K,K,,,,,0.52637231546788932
190,151,S,G,G,G,G,G,G,G,G,G,G,G,G,G,G,G,G,G,G,G,D,D,D,D,D,D,D,D,K,K,G,G,A,A,D,G,G,G,G,G,V,S,S,S,S,S,S,S,S,S,S,S,S,S,S,T,S,G,0.77368820578325426,,,0.64930935503502341
191,152,L,F,F,F,F,F,F,F,F,F,V,V,F,F,F,F,F,F,F,F,L,L,L,L,L,L,M,L,I,M,F,F,S,S,S,F,F,F,F,F,F,L,L,L,L,L,T,L,L,L,L,I,I,L,L,L,L,F,0.75818157517211804,,,0.62855855959771423
192,153,T,H,H,H,H,H,H,H,H,H,T,H,T,T,T,T,I,I,L,Q,K,K,K,E,E,E,E,S,I,S,P,S,E,E,K,K,K,K,K,K,K,T,T,T,T,A,T,V,V,T,T,T,T,T,T,N,A,,,,,0.40197548068754574
193,154,F,V,I,V,V,V,I,V,V,I,F,F,V,V,V,V,V,V,V,V,L,L,L,L,L,L,L,L,L,L,M,M,I,I,M,M,M,V,M,M,M,F,F,F,F,F,F,F,F,F,F,F,F,F,F,F,F,,,,,0.60868334875069019
194,155,N,N,S,N,-,N,N,S,S,S,N,N,K,K,K,K,K,K,K,K,V,V,V,V,V,V,V,T,E,E,K,K,E,E,E,E,E,E,E,E,E,N,N,N,N,D,N,N,N,N,N,N,N,S,N,N,N,,,,,0.41290238135930868
195,156,E,E,E,E,K,E,E,D,E,D,P,E,E,E,E,E,E,E,E,E,Q,Q,H,H,Q,Q,Q,P,K,K,E,E,V,V,V,V,V,V,V,V,S,E,E,E,E,Q,E,E,E,E,E,E,E,E,E,E,E,,,,,0.46497495167839775
196,157,T,E,E,E,E,E,E,Q,K,K,E,D,Q,Q,Q,Q,T,S,H,Q,G,G,G,G,G,G,G,G,V,G,A,D,P,P,P,P,P,P,P,P,S,T,T,S,S,T,T,T,T,T,T,T,T,T,T,T,I,,,,,0.40814696590013594
197,158,Y,F,F,F,F,F,F,F,F,F,F,F,Y,Y,Y,Y,Y,Y,Y,Y,F,F,F,F,F,F,F,F,F,Y,F,F,F,F,F,F,F,F,F,F,F,Y,Y,Y,Y,Y,F,Y,Y,Y,Y,Y,Y,Y,Y,Y,Y,F,0.92131633707793903,Y,0.74568366292206112,0.87672474098440656
198,159,Q,L,L,L,L,L,L,L,L,I,L,L,L,L,L,L,L,L,L,L,M,M,M,M,M,M,M,L,R,R,V,L,V,V,V,V,A,A,V,V,V,Q,Q,Q,Q,Q,Q,Q,Q,Q,Q,Q,Q,Q,Q,Q,Q,L,0.71765785433838003,,,0.59609025873909494
199,160,D,Q,Q,Q,Q,Q,Q,Q,Q,Q,H,Q,H,H,H,H,H,H,H,H,P,P,P,P,P,P,P,Q,R,R,A,S,T,T,T,T,V,A,T,T,Y,D,D,D,D,N,H,N,N,D,D,D,D,G,N,N,N,,,,,0.45589326647587747
200,161,I,M,M,M,M,M,M,M,L,L,L,L,G,G,S,G,S,S,S,S,H,H,H,N,H,H,Y,R,S,A,T,A,R,R,R,R,R,R,R,R,K,I,I,V,V,I,I,I,I,I,I,I,I,I,I,V,I,,,,,0.36072427270964913
201,162,S,L,I,M,M,L,M,M,V,M,M,M,N,N,N,N,N,N,N,N,F,F,F,F,F,F,F,F,L,L,N,N,N,N,N,N,N,N,N,N,N,S,S,S,S,S,S,S,S,S,S,S,S,S,S,S,S,,,,,0.45568327944404913
202,163,E,K,K,K,K,K,K,K,K,K,K,K,K,K,K,K,K,K,K,R,F,F,F,F,F,F,F,Q,S,V,K,R,K,K,K,K,K,K,K,K,K,E,E,E,E,E,E,E,E,E,E,E,E,E,E,E,E,K,0.74194633651895703,,,0.58416171270521933
203,164,L,K,K,K,K,M,M,K,K,K,K,K,E,E,E,E,E,E,D,D,R,R,R,R,K,K,K,A,K,K,A,E,D,D,D,D,D,E,D,E,D,A,L,V,I,T,T,I,I,L,L,V,V,A,V,L,L,,,,,0.51257234234327154
204,165,V,Y,Y,Y,Y,Y,Y,Y,Y,Y,Y,Y,F,F,F,F,F,F,F,V,L,L,L,L,L,L,V,T,A,A,N,N,V,V,V,V,V,V,V,V,V,V,V,V,V,V,V,V,V,V,V,V,V,V,V,V,V,,,,,0.44535327933211194
205,166,Y,F,F,F,F,F,F,F,F,F,F,F,F,F,F,F,F,F,F,F,F,F,F,F,F,F,F,F,F,F,F,F,F,F,F,F,F,F,F,F,F,Y,Y,Y,Y,Y,Y,Y,Y,Y,Y,Y,Y,Y,Y,Y,Y,F,0.99999999999999989,,,0.99999999999999989
206,167,G,K,N,N,-,N,N,Q,K,K,K,R,Q,Q,Q,Q,Q,Q,Q,N,R,R,R,R,Q,R,R,H,Q,Q,Q,L,Q,Q,Q,Q,Q,Q,Q,E,H,G,G,G,G,G,G,G,G,G,G,G,G,G,G,G,G,,,,,0.55475350341280838
207,168,A,A,A,A,A,A,A,A,A,A,A,A,S,S,S,S,S,S,S,S,S,S,T,T,T,T,S,R,S,T,C,C,C,C,C,C,C,C,C,C,S,A,A,A,A,A,A,A,A,A,A,A,A,A,A,A,A,,,,,0.51544425482481659
208,169,K,E,E,A,E,E,E,E,E,E,H,E,A,A,A,A,A,A,A,A,T,T,T,T,M,T,M,H,V,H,E,E,E,E,E,E,E,E,E,S,D,K,K,K,K,K,K,K,K,K,K,K,K,K,K,K,K,,,,,0.46805894416368771
209,170,L,V,V,V,V,V,V,V,V,V,V,V,I,I,I,I,T,T,V,I,V,V,V,V,V,V,I,L,P,P,S,S,V,V,V,V,V,V,V,V,V,L,L,L,L,L,L,L,L,L,L,L,L,L,L,L,L,V,0.80880911666025213,,,0.68397426520008175
210,171,Q,N,N,N,N,N,N,D,E,E,E,E,K,K,K,K,K,K,K,K,K,K,K,K,K,K,K,S,H,H,R,H,R,R,R,Q,Q,Q,R,K,R,Q,L,Q,Q,L,M,W,W,Q,Q,Q,Q,Q,W,C,M,,,,,0.54582902090989904
211,172,P,H,H,H,-,H,H,H,N,N,M,T,L,L,L,L,L,L,L,L,Q,Q,Q,Q,Q,Q,Q,Q,Q,Q,S,S,N,N,N,N,N,S,N,S,S,P,P,P,P,P,P,P,P,P,P,P,P,P,P,P,P,,,,,0.39209862139470281
212,173,L,V,V,V,V,V,V,V,I,V,V,V,V,V,V,V,V,V,V,V,V,V,V,V,V,V,V,V,I,V,L,V,V,V,A,V,V,V,L,V,V,L,L,L,L,L,L,L,L,L,L,L,L,L,L,L,L,V,0.93830929492915527,,,0.88304823452990011
213,174,D,D,D,D,D,D,D,D,D,D,D,D,D,D,D,D,D,D,D,D,D,D,D,D,D,D,D,N,D,D,D,D,N,N,N,S,N,N,N,D,D,D,N,D,D,D,D,N,N,D,D,D,D,D,N,N,N,D,0.89400503550161958,,,0.81962720159587499
214,175,F,F,F,F,S,F,F,F,F,F,F,F,F,F,F,F,F,F,F,F,F,F,F,F,F,F,F,F,F,F,F,Y,F,F,F,F,F,F,F,F,F,F,F,F,F,F,F,F,F,F,F,F,F,F,F,L,F,F,0.97238783198997847,,,0.94524602766010912
215,176,K,S,S,S,S,S,S,S,S,S,S,S,Q,Q,Q,Q,L,L,Q,Q,S,S,S,S,S,S,T,T,S,T,R,S,E,E,E,E,Q,Q,D,E,Q,K,K,K,K,K,K,K,K,K,K,K,K,K,K,Q,K,,,,,0.49233771668758963
216,177,E,Q,Q,Q,Q,Q,E,Q,Q,Q,Q,Q,D,D,D,N,D,D,D,D,E,E,E,E,E,E,E,D,Q,R,H,D,D,D,D,D,D,D,N,D,E,E,E,E,E,D,E,E,E,E,E,G,G,A,E,R,E,,,,,0.58982683593592866
217,178,N,-,-,-,-,-,-,-,-,-,-,-,-,-,-,-,-,-,-,-,-,-,-,-,-,-,-,-,-,-,-,-,-,-,-,-,-,-,-,-,-,N,K,N,N,D,K,K,K,N,N,N,N,H,K,K,K,,,,,0.0
218,179,A,N,N,N,N,N,N,N,S,G,S,S,A,A,A,A,A,A,A,V,V,V,V,V,V,V,G,V,P,P,P,P,P,P,P,P,P,P,K,P,K,A,P,P,P,P,P,P,P,A,A,A,A,A,P,P,P,,,,,0.42634993477260935
219,180,E,I,V,V,V,V,V,E,A,S,A,T,K,K,K,K,K,K,K,K,E,E,E,E,E,E,E,A,E,E,S,E,A,A,A,A,A,A,I,N,N,E,E,E,E,E,E,E,E,E,E,E,E,E,E,E,E,,,,,0.41820668077769901
220,181,Q,A,A,A,G,A,A,A,A,T,A,A,A,A,T,A,T,T,S,A,R,R,R,R,R,R,R,Q,M,Q,K,A,S,S,S,S,S,S,S,T,T,Q,L,Q,Q,K,A,L,L,Q,Q,Q,Q,Q,Q,L,L,,,,,0.46987923592794195
221,182,S,V,V,V,V,V,V,V,V,V,V,V,C,C,S,C,S,S,C,S,A,A,A,A,A,A,A,A,A,A,A,A,A,A,A,A,A,A,A,A,A,S,S,S,S,A,S,S,S,S,S,S,S,S,S,S,S,A,0.70267899298396397,,,0.57857307720405327
222,183,R,A,A,A,A,A,A,A,A,A,A,A,A,A,A,A,A,A,A,A,R,R,R,R,R,R,R,K,R,V,A,A,C,C,C,C,S,C,S,C,A,R,R,R,R,R,R,R,R,R,R,R,R,R,R,R,R,,,,,0.53846973518558183
223,184,A,N,N,N,N,N,N,S,T,N,K,E,E,G,E,E,Q,Q,E,E,F,F,F,F,F,F,F,D,Q,G,D,Q,D,D,A,D,E,D,D,D,S,M,E,V,V,V,I,K,K,A,A,L,L,Q,T,T,V,,,,,0.37332134311054793
224,185,A,L,Y,Y,Y,S,Y,H,H,H,Q,R,M,M,T,T,A,A,A,T,I,I,I,I,I,I,I,I,V,V,D,S,S,S,S,S,S,A,S,S,I,I,I,T,T,T,T,I,T,A,A,T,T,I,L,L,T,,,,,0.37739977267660657
225,186,I,I,I,I,I,I,I,I,I,I,I,I,I,I,I,I,I,I,I,I,I,I,V,V,I,I,M,I,I,I,I,I,I,I,I,I,I,I,I,I,I,I,I,I,I,I,I,I,I,I,I,I,I,I,I,I,I,I,0.96805314456045954,,,0.93802317218935438
226,187,N,N,N,N,N,N,N,N,N,N,N,N,S,S,S,S,S,S,S,S,N,N,N,N,N,N,N,N,N,N,N,N,N,N,N,N,N,N,N,N,N,N,N,N,N,N,N,N,N,N,N,N,N,N,N,Y,N,N,0.87539341849981389,,,0.79746306927441668
227,188,K,K,K,K,K,K,K,K,K,M,T,S,T,T,T,N,T,T,T,E,D,D,D,D,D,D,D,Q,S,E,E,D,A,A,A,V,F,F,L,Q,Q,K,N,N,N,N,E,E,E,K,K,Q,Q,D,E,N,D,,,,,0.37290815297462987
228,189,W,W,W,W,W,W,W,W,W,W,W,W,W,W,W,W,W,W,W,W,W,W,W,W,W,W,W,W,W,W,W,W,W,W,W,W,W,W,W,W,W,W,W,W,W,W,W,W,W,W,W,W,W,W,W,W,W,W,0.99999999999999989,,,0.99999999999999989
229,190,V,V,V,V,V,V,V,V,V,V,V,V,V,V,V,V,V,V,V,V,V,V,V,V,V,V,V,V,T,V,V,V,V,V,V,V,V,V,V,V,V,V,V,V,V,I,I,V,V,V,V,I,I,V,I,V,I,V,0.98101100757645032,,,0.96215401624103103
230,191,S,E,E,E,E,E,E,E,E,E,E,L,E,E,E,E,E,E,E,Q,K,K,K,K,E,E,Q,E,S,S,S,K,K,K,R,R,K,K,K,K,K,S,S,A,A,S,A,A,A,S,S,S,S,A,A,A,A,,,,,0.57056218781015999
231,192,N,N,N,N,N,N,N,N,N,N,N,N,R,R,S,S,S,S,N,R,T,T,R,R,R,R,R,N,D,D,N,N,N,N,N,N,N,N,N,N,N,N,D,N,N,N,N,N,N,N,N,N,N,N,N,N,N,N,0.7414974499418302,,,0.60630174654074653
232,193,K,N,N,N,N,Y,Y,H,H,H,H,H,K,K,K,K,K,K,K,Q,H,H,H,H,H,H,H,K,H,H,K,S,E,E,E,E,E,E,E,E,Q,K,K,K,K,K,K,K,K,K,K,K,K,K,K,K,K,,,,,0.51255804560891105
233,194,T,T,T,T,T,T,T,T,T,T,T,T,T,T,T,T,T,T,T,T,T,T,T,T,T,T,T,T,T,T,T,T,T,T,T,T,T,T,T,T,T,T,T,T,T,T,T,T,T,T,T,T,T,T,T,T,T,T,0.99999999999999989,,,0.99999999999999989
234,195,E,N,N,N,D,N,N,N,N,N,E,E,D,D,D,D,D,D,D,H,K,K,K,K,K,K,K,D,D,A,K,K,R,R,Q,R,R,R,R,R,N,H,E,E,E,E,E,E,E,E,E,E,E,E,E,E,E,,,,,0.5017508892467466
235,196,G,N,S,N,N,S,S,S,N,N,S,S,G,G,G,G,G,G,G,G,G,G,G,G,G,G,G,G,G,G,G,G,D,D,G,G,G,G,G,G,G,G,K,G,G,N,N,R,G,G,G,G,G,G,K,K,N,G,0.80469687672799306,,,0.68749677318813207
236,197,R,L,L,L,L,L,L,Q,M,R,M,K,K,K,K,K,K,K,K,K,M,M,M,M,M,M,M,M,M,A,H,Q,M,M,M,M,M,M,M,M,M,R,R,R,R,L,R,R,R,R,R,R,R,R,R,R,R,,,,,0.50837011635548779
237,198,I,L,L,V,V,L,L,V,I,I,I,I,I,I,I,I,I,I,I,I,I,I,I,I,I,I,I,I,I,I,I,I,I,I,I,I,I,I,I,I,I,I,I,I,I,I,I,I,I,I,I,I,I,I,I,I,I,I,0.92165054198482321,,,0.85847056814702427
238,199,T,K,K,K,K,K,K,K,K,R,R,Q,K,K,K,K,K,K,K,S,S,S,G,S,N,S,S,K,S,P,P,P,D,D,D,D,D,D,D,D,E,T,T,K,K,Q,K,T,T,T,T,T,T,T,T,T,Q,,,,,0.47373691976609988
239,200,D,D,D,D,D,D,D,D,D,D,E,N,D,D,D,D,N,N,S,K,N,N,N,D,D,D,N,D,E,D,S,S,N,N,S,N,N,N,N,Q,G,D,D,D,D,D,D,E,E,D,D,D,D,N,D,D,N,,,,,0.59483242119098545
240,201,V,L,L,L,L,L,L,L,F,L,L,L,M,M,M,M,M,M,M,M,L,L,L,L,L,L,L,L,F,F,L,V,L,L,L,L,L,L,L,V,L,V,V,V,V,T,T,V,V,V,V,V,V,V,V,V,T,L,0.8332419743329722,,,0.73385482918767142
241,202,I,V,V,V,V,V,V,V,V,V,M,V,F,F,F,F,F,F,F,F,L,L,L,L,L,L,L,V,L,L,V,V,L,L,L,L,L,L,I,V,I,V,I,I,I,L,L,I,I,I,I,I,I,I,I,I,L,,,,,0.60182042740483355
242,203,P,S,S,S,S,S,S,S,S,T,S,S,S,S,S,S,S,S,S,S,G,G,G,G,A,A,E,G,P,Q,K,T,S,S,S,S,S,S,S,A,S,P,P,P,P,P,P,P,P,P,P,P,P,P,P,P,P,S,0.77244119744753048,,,0.6318213262116944
243,204,S,P,P,P,P,P,P,A,S,A,A,A,G,G,G,G,E,E,T,S,K,K,R,E,K,K,E,S,S,S,A,A,P,P,P,P,P,P,P,P,P,P,V,Q,Q,P,E,E,E,S,P,P,P,N,E,E,K,,,,,0.44396001865252521
244,205,E,R,R,R,R,E,G,R,R,D,E,E,E,E,E,E,E,E,E,G,G,G,G,G,G,G,G,N,G,G,D,D,D,D,D,N,N,N,D,D,E,D,G,G,G,G,G,K,G,E,E,Q,Q,G,G,G,D,,,,,0.52555704520959201
245,206,A,D,D,D,D,D,D,D,D,D,D,D,E,E,D,E,E,D,D,D,A,A,A,A,A,A,T,N,V,S,M,M,L,L,L,L,L,L,L,D,L,A,V,A,A,V,S,G,G,A,A,A,A,T,G,G,S,,,,,0.41762296986372915
246,207,I,F,F,F,F,F,F,F,F,F,V,F,F,F,F,F,F,F,F,F,V,V,V,V,V,V,V,I,L,L,L,F,I,I,L,I,I,I,I,I,L,I,I,I,I,L,I,I,I,I,I,I,I,I,I,I,L,,,,,0.58697382038340284
247,208,N,D,D,D,D,D,D,S,S,T,S,S,G,G,G,G,G,G,G,T,D,D,D,D,D,N,D,P,S,T,D,D,D,D,N,D,D,D,D,D,D,D,T,N,D,D,D,D,D,N,N,D,N,D,D,T,N,,,,,0.56813150878241536
248,208a,-,-,-,-,-,-,-,-,-,-,-,-,-,-,-,-,-,-,-,-,-,-,-,-,-,-,-,-,-,-,S,T,G,G,G,G,G,S,D,-,S,-,-,-,-,-,-,-,-,-,-,-,-,-,-,-,-,,,,,0.030002278265101906
249,209,E,A,A,A,A,G,A,A,A,N,G,S,P,P,P,P,P,P,P,P,Q,Q,Q,Q,E,E,Q,P,E,D,A,A,V,V,V,A,A,A,R,S,S,E,P,E,E,S,T,D,D,E,E,E,E,E,D,E,S,,,,,0.42743900841089361
250,210,L,G,V,A,A,V,V,L,L,L,I,S,L,L,L,L,L,L,L,L,L,L,L,L,L,L,L,L,L,E,L,L,L,L,L,L,L,L,L,L,V,L,D,L,L,N,N,L,L,L,L,F,F,F,L,F,N,L,0.83144116138210511,,,0.70731338192648974
251,211,T,T,T,T,T,T,T,T,T,T,T,T,T,T,T,T,T,T,T,T,T,T,T,T,T,T,T,T,T,T,T,T,T,T,T,T,T,T,T,T,T,T,T,T,T,T,T,T,T,T,T,T,T,T,T,T,T,T,0.99999999999999989,,,0.99999999999999989
252,212,V,H,H,Y,Y,N,H,N,H,K,R,M,R,R,R,R,R,R,R,K,R,R,R,R,R,R,K,R,R,R,R,R,R,R,R,R,R,K,R,R,R,V,V,A,A,V,I,V,V,V,V,V,V,V,V,V,V,R,0.81949022969335017,,,0.69544492773878053
253,213,L,L,L,L,L,L,L,L,L,L,L,I,L,L,L,L,L,L,L,M,L,L,L,L,L,L,M,L,L,L,L,L,L,L,L,L,L,L,L,L,L,L,L,L,L,L,L,L,L,L,L,L,L,L,L,L,L,L,0.96135783467059699,,,0.92566640651104171
254,214,V,A,A,A,A,A,A,A,V,V,M,M,V,V,V,V,V,V,V,V,V,V,M,V,V,V,V,V,V,V,V,V,V,V,V,V,V,V,V,V,V,V,V,V,V,V,V,V,V,V,V,V,V,V,V,V,V,V,0.85986891160041645,,,0.76295085178439459
255,215,L,L,L,L,L,L,L,L,L,L,L,L,L,L,L,L,L,L,L,L,L,L,L,L,L,L,L,L,F,L,A,A,L,L,L,L,L,L,V,L,L,L,L,L,L,L,L,L,L,L,L,L,L,L,L,L,L,L,0.93372230258240485,,,0.87315063433793183
256,216,V,I,I,I,I,I,I,I,I,V,V,V,V,V,V,V,V,V,V,V,V,V,V,V,V,V,V,L,L,L,V,V,V,V,V,V,V,V,V,V,V,V,I,V,V,V,V,V,V,V,V,V,V,V,V,V,V,V,0.87966800613343199,,,0.80308141695692137
257,217,N,N,N,N,N,N,N,N,N,N,N,N,N,N,N,N,N,N,N,N,N,N,N,N,N,N,N,S,N,N,N,N,N,N,N,N,N,N,N,N,N,N,N,N,N,N,N,N,N,N,N,N,N,N,N,N,N,N,0.98355705601369092,,,0.9671925119122502
258,218,T,A,A,A,A,A,A,A,A,A,A,A,A,A,A,A,A,A,A,A,A,A,A,A,A,A,A,A,A,A,S,S,A,A,A,A,A,A,A,A,A,T,A,T,T,T,A,T,T,T,T,T,T,T,T,T,T,A,0.96857785471129454,,,0.93891482101766444
259,219,I,V,V,V,V,V,V,V,I,M,I,V,I,I,I,I,I,I,I,L,L,L,L,L,L,L,L,V,L,L,I,I,V,V,V,V,V,V,I,V,L,I,I,I,I,I,I,I,I,I,I,I,I,I,I,I,I,V,0.71240393668983348,,,0.66409508335767564
260,220,Y,Y,Y,Y,Y,Y,Y,Y,Y,Y,Y,Y,Y,Y,Y,Y,Y,Y,Y,Y,Y,Y,Y,Y,Y,Y,Y,H,H,S,Y,F,Y,Y,Y,Y,Y,Y,Y,Y,Y,Y,Y,Y,Y,Y,Y,Y,Y,Y,Y,Y,Y,Y,Y,Y,Y,Y,0.94796079830367364,,,0.89942352864563191
261,221,F,F,F,F,F,F,F,F,F,F,F,F,F,F,F,F,F,F,F,F,F,F,F,F,F,F,F,F,F,F,F,F,F,F,F,F,F,F,F,F,F,F,F,F,F,F,F,F,F,F,F,F,F,F,F,F,F,F,0.99999999999999989,,,0.99999999999999989
262,222,K,K,K,K,K,K,K,K,K,K,R,R,K,K,K,K,K,K,K,K,N,N,N,N,S,N,K,S,H,Q,K,K,K,K,K,K,K,K,K,K,K,K,K,K,K,K,K,K,K,K,K,K,K,K,K,K,K,K,0.83263279258933165,,,0.71622967616864908
263,223,G,G,G,G,G,G,G,G,G,G,G,G,G,G,G,G,G,G,G,G,G,G,G,G,G,G,G,G,G,A,G,G,G,G,G,G,G,G,G,G,G,G,G,G,G,G,G,G,G,G,G,G,G,G,G,G,G,G,0.98283421587485076,,,0.96579270256016048
264,224,L,N,S,N,N,N,N,N,N,N,S,S,D,D,D,D,D,D,N,E,Q,Q,Q,Q,Q,Q,Q,K,V,P,L,L,L,L,L,L,L,L,L,L,L,L,L,L,L,H,Q,H,H,L,L,L,L,L,H,R,Q,,,,,0.37767753242369811
265,225,W,W,W,W,W,W,W,W,W,W,W,W,W,W,W,W,W,W,W,W,W,W,W,W,W,W,W,W,W,W,W,W,W,W,W,W,W,W,W,W,W,W,W,W,W,W,W,W,W,W,W,W,W,W,W,W,W,W,0.99999999999999989,,,0.99999999999999989
266,226,K,K,K,K,K,K,K,K,K,K,K,K,K,K,K,K,K,K,K,K,K,K,K,K,K,K,K,T,K,K,K,K,K,K,R,K,K,K,K,K,K,K,K,K,K,K,K,K,K,K,K,K,K,K,K,K,K,K,0.97046073938432209,,,0.94152046320363902
267,227,S,S,S,S,S,S,S,S,S,S,I,N,Q,Q,Q,Q,Q,Q,K,Q,T,T,T,M,T,T,L,V,T,V,S,S,S,S,S,S,S,S,S,S,S,S,S,S,S,N,N,S,S,S,S,S,S,S,S,S,S,,,,,0.4930945782623149
268,228,K,Q,Q,Q,Q,Q,Q,Q,Q,Q,Q,Q,K,K,K,K,K,K,K,K,P,P,P,P,P,P,P,P,P,P,R,R,R,R,R,R,R,R,R,R,R,K,K,K,K,K,K,Q,Q,K,K,K,K,K,E,E,K,,,,,0.52919467948175558
269,229,F,F,F,F,F,F,F,F,F,F,F,F,F,F,F,F,F,F,F,F,F,F,F,F,F,F,F,F,F,F,F,F,F,F,F,F,F,F,F,F,F,F,F,F,F,F,F,F,F,F,F,F,F,F,F,F,F,F,0.99999999999999989,,,0.99999999999999989
270,230,S,R,R,R,R,R,R,R,R,R,R,R,R,R,R,N,R,R,R,S,P,P,P,P,L,L,P,L,D,D,Q,Q,Q,Q,L,Q,Q,Q,Q,R,Q,S,N,S,S,D,D,P,P,S,S,S,S,S,P,P,D,,,,,0.48640619265455154
271,231,P,P,P,P,P,P,P,P,P,P,P,P,K,K,K,K,K,K,E,V,D,D,E,E,E,E,T,E,P,P,A,P,P,P,P,P,P,P,P,P,P,P,S,P,P,K,K,A,A,P,P,P,P,P,A,T,K,,,,,0.51669940201645614
272,232,E,E,E,E,E,E,E,E,E,E,E,E,E,E,E,E,E,E,E,E,S,S,S,S,A,A,K,K,R,K,E,Q,E,E,E,E,E,E,E,E,E,E,E,E,E,D,Q,P,P,E,E,E,E,D,Q,E,K,E,0.80757213592382759,,,0.67633493887532847
273,233,N,N,N,N,N,N,N,N,N,N,N,N,D,D,D,D,D,D,E,A,S,S,G,N,S,S,G,A,N,R,D,S,N,N,N,N,S,N,N,N,N,N,N,N,N,N,N,N,N,N,N,N,N,S,N,N,N,N,0.70848161240513852,,,0.57617659921484077
274,234,T,T,T,T,T,T,T,T,T,T,T,T,T,T,T,T,T,T,T,T,T,T,T,T,T,T,T,T,T,T,T,T,T,T,T,T,T,T,T,T,T,T,T,T,T,V,V,T,T,T,T,T,T,T,T,T,V,T,0.99999999999999989,,,0.99999999999999989
275,235,R,R,R,R,R,R,R,R,R,R,R,R,Q,Q,Q,Q,E,E,H,H,H,H,H,H,H,H,H,H,R,A,K,K,K,K,K,K,K,K,K,K,K,R,K,R,R,Y,M,R,K,R,R,K,R,K,K,K,F,,,,,0.57642584610109793
276,236,K,T,T,T,T,T,T,T,T,T,T,T,L,L,L,L,M,M,I,S,R,R,H,H,Q,Q,H,Q,E,E,M,P,K,K,K,K,K,K,K,K,K,K,M,K,K,V,K,L,L,K,K,K,K,Q,R,M,K,,,,,0.38715768610452078
277,237,E,F,F,F,F,F,F,F,F,F,F,F,I,I,T,M,T,T,S,E,R,R,R,R,R,R,R,R,Q,R,R,R,R,R,R,R,R,R,R,R,R,E,E,E,E,S,L,D,D,E,E,E,E,E,D,E,A,,,,,0.43512908446867232
278,238,L,S,S,S,S,S,S,S,S,S,S,S,N,N,N,N,D,D,D,E,L,L,L,L,L,L,L,P,L,M,P,S,T,T,T,T,T,T,T,P,T,L,Q,P,P,E,D,L,L,L,L,L,L,P,K,K,D,,,,,0.41658410737930957
279,239,F,F,F,F,F,F,F,F,F,F,F,F,F,F,F,F,F,F,F,F,F,F,F,F,F,F,F,F,F,F,F,F,F,F,F,F,F,F,F,F,F,F,F,F,F,F,F,F,F,F,F,F,F,F,F,F,F,F,0.99999999999999989,,,0.99999999999999989
280,240,Y,T,T,T,T,T,T,T,T,T,S,T,T,T,T,T,T,S,T,S,H,H,H,H,H,H,H,Y,H,H,T,T,V,V,V,V,V,V,V,Y,H,Y,Y,Y,H,H,H,H,Y,Y,Y,Y,Y,H,Y,F,Y,,,,,0.48311792765035649
281,241,K,K,K,K,K,K,K,K,K,K,K,R,K,K,K,L,K,K,I,V,K,K,K,K,K,K,K,R,T,C,S,A,A,A,A,T,A,A,G,G,G,K,P,K,K,S,V,K,K,K,K,K,K,K,R,R,V,,,,,0.50901084905979266
282,242,A,D,D,D,D,D,D,D,D,D,D,D,K,K,K,K,K,K,K,K,S,S,S,S,S,S,S,S,V,A,G,G,A,A,A,A,G,G,A,A,P,A,D,V,V,S,S,A,A,A,A,A,A,A,S,D,S,,,,,0.43486928114158857
283,243,D,D,D,D,D,D,D,D,D,D,D,D,N,N,D,D,D,D,D,R,D,D,D,D,D,D,D,D,N,N,D,D,D,D,D,D,D,D,D,D,D,G,E,D,D,Q,P,N,N,D,D,D,D,N,D,E,K,D,0.92247730502608005,,,0.85841933809949622
284,244,G,E,E,E,E,E,E,E,E,E,G,G,G,G,G,G,G,G,G,G,G,G,G,G,G,G,G,G,G,G,G,G,G,G,G,G,G,G,G,G,G,G,S,G,G,T,T,G,G,G,G,G,G,K,G,P,S,G,0.87247911043400272,,,0.79399677307887773
285,245,E,S,S,S,S,S,S,S,T,S,S,S,S,S,A,T,S,S,S,L,S,S,S,S,S,S,S,S,S,S,T,N,K,K,K,K,K,K,K,K,K,E,N,Q,Q,R,H,E,E,E,E,E,E,E,Q,N,K,S,0.74483844764380969,,,0.60881343597336457
286,246,S,E,E,E,E,E,E,E,E,E,E,E,T,T,A,A,T,T,I,T,T,T,T,T,T,T,T,H,A,T,V,T,S,S,S,S,S,S,S,T,D,S,H,S,S,S,K,T,T,S,S,S,S,K,I,L,T,,,,,0.48098804978583176
287,247,C,V,V,V,V,V,V,A,V,V,V,V,V,V,V,V,V,V,I,V,V,V,V,I,V,I,V,V,V,V,H,Y,Y,Y,Y,Y,Y,Y,F,Y,Y,C,C,C,C,C,C,C,C,C,C,C,C,C,C,C,C,V,0.7286044506377144,,,0.59157276663342184
288,248,S,Q,Q,Q,Q,Q,Q,Q,Q,Q,Q,Q,K,K,K,K,K,K,K,K,S,S,S,S,S,S,S,Q,S,P,K,K,Q,Q,Q,Q,Q,Q,Q,Q,Q,S,L,P,L,P,P,N,R,S,S,S,S,L,S,M,P,,,,,0.58063402807879039
289,249,A,I,I,I,I,I,I,I,I,I,T,T,I,I,I,I,V,I,V,V,V,V,V,V,V,V,V,V,V,V,V,V,V,V,V,V,V,V,V,V,V,V,A,V,V,V,V,V,V,A,A,V,V,V,T,V,V,V,0.8289638943416463,I,0.72556539437447776,0.76491673947611061
290,250,S,P,P,P,P,P,P,P,P,P,Q,L,P,P,P,P,P,P,P,P,P,P,P,P,P,P,P,Q,P,H,P,P,P,P,P,P,P,P,P,P,P,S,A,P,P,N,P,P,P,S,S,P,L,S,P,P,S,P,0.92765679272077273,,,0.86267912114150602
291,251,M,M,M,M,M,M,M,M,M,M,M,M,M,M,M,M,M,M,M,M,M,M,M,M,M,M,M,M,M,M,M,M,M,M,M,M,M,M,M,M,M,M,T,M,M,M,M,I,V,M,M,M,M,M,M,M,M,M,0.99999999999999989,,,0.99999999999999989
292,252,M,M,M,M,M,M,M,M,M,M,M,M,M,M,M,M,M,M,M,M,M,M,M,M,M,M,M,M,M,M,M,M,L,L,L,L,L,L,L,L,L,M,M,M,M,M,M,M,M,M,M,M,M,M,M,M,M,M,0.89999134244343004,,,0.83877296607780383
293,253,Y,Y,Y,Y,Y,Y,Y,Y,Y,Y,Y,Y,K,K,K,K,K,K,K,H,A,A,A,A,A,A,A,A,T,T,S,S,A,A,A,A,A,A,A,S,A,Y,Y,Y,Y,Y,Y,Y,Y,Y,Y,Y,Y,Y,Y,Y,Y,,,,,0.4268799045590963
294,254,Q,Q,Q,Q,Q,Q,Q,Q,Q,Q,Q,Q,A,A,A,A,A,A,M,L,Q,Q,Q,Q,Q,Q,Q,N,T,L,Q,Q,Q,Q,Q,Q,Q,Q,Q,Q,Q,Q,Q,Q,Q,Q,Q,Q,Q,Q,Q,Q,Q,Q,Q,Q,Q,Q,0.78210924483036182,,,0.6441902449443565
295,255,E,Q,Q,Q,Q,Q,Q,Q,Q,K,Q,Q,L,L,L,L,L,L,Q,Q,T,T,T,T,S,N,T,T,T,T,L,L,L,L,L,L,L,L,L,L,L,E,E,E,E,E,E,E,E,E,E,E,E,E,E,E,E,,,,,0.46366095636537735
296,256,G,G,G,G,G,G,G,G,G,G,G,G,L,L,L,L,L,L,L,T,N,N,N,N,N,N,N,G,Q,N,S,S,S,S,S,S,S,S,A,S,S,G,G,G,G,A,K,S,S,G,G,G,S,S,N,A,T,,,,,0.42648546195337983
297,257,K,E,E,E,E,E,E,E,E,E,D,D,R,R,R,R,R,R,R,T,K,K,K,K,K,K,K,K,K,H,V,V,V,V,V,V,V,V,V,I,L,K,I,K,K,R,K,R,K,K,K,K,K,K,K,R,K,,,,,0.40924675915512748
298,258,F,F,F,F,F,F,F,F,F,F,F,F,T,T,T,T,A,A,T,T,F,F,F,F,F,F,F,Y,F,Y,F,F,F,F,F,F,F,F,F,F,F,F,F,F,F,F,F,F,F,F,F,F,F,F,F,F,F,F,0.81173724185758001,,,0.68611453732868477
299,259,R,Y,Y,Y,Y,Y,Y,Y,Y,Y,Y,Y,K,K,K,K,Q,K,K,K,N,N,N,N,N,N,N,N,N,H,N,N,R,R,R,R,R,R,R,R,R,R,R,K,K,R,Q,P,R,R,R,R,R,R,R,R,H,,,,,0.46712518745731874
300,260,Y,Y,Y,Y,Y,Y,Y,Y,Y,Y,Y,Y,Y,Y,Y,Y,Y,Y,L,L,Y,Y,Y,Y,Y,Y,C,C,Y,Y,I,M,C,W,C,C,S,S,C,C,S,Y,Y,Y,Y,Y,Y,Y,H,Y,Y,Y,Y,Y,H,Y,Y,Y,0.75681024412040976,,,0.61299590905543577
301,261,R,G,G,G,G,G,G,G,G,G,G,G,G,G,G,G,G,G,G,G,T,T,T,T,T,T,T,S,G,G,G,G,G,-,G,G,G,G,G,G,G,R,S,R,R,K,A,A,A,R,R,R,R,R,V,I,G,G,0.84224667994153035,,,0.73412852638532056
302,262,R,E,E,E,E,E,E,E,E,E,E,E,Y,Y,Y,Y,Y,Y,Y,Y,E,E,E,E,E,E,E,E,E,E,M,Q,S,S,S,S,S,S,S,T,S,R,S,R,R,H,K,F,S,R,R,R,R,R,S,Y,R,,,,,0.47251049753945262
303,263,V,F,F,F,F,F,F,F,F,F,F,F,F,F,F,F,F,F,F,F,F,F,F,F,F,F,F,F,F,F,V,A,T,T,T,T,T,T,A,T,A,V,F,V,V,F,I,I,I,V,V,V,V,V,I,L,F,F,0.78526712226962903,,,0.65502942924958096
304,264,A,S,S,S,S,S,S,S,S,T,S,S,S,S,S,S,S,S,F,S,T,T,S,T,T,T,L,T,V,V,T,S,S,S,S,S,R,K,S,S,S,A,K,A,G,P,P,Q,R,A,A,A,A,A,P,P,T,S,0.75956238332734061,,,0.62297934634575725
305,265,E,D,D,D,D,D,D,D,D,D,D,D,E,E,E,E,Q,E,H,V,T,T,T,T,T,T,T,T,S,T,T,T,A,A,T,T,T,T,T,T,T,E,D,E,E,E,E,E,Q,E,E,E,E,E,S,S,E,,,,,0.51020587532824968
306,266,G,G,G,G,G,G,G,G,G,G,G,G,-,-,-,-,-,-,-,-,P,P,P,P,P,P,P,P,K,T,P,P,P,P,P,P,P,P,P,P,P,G,D,G,G,D,D,D,D,G,G,G,S,G,D,N,D,,,,,0.37488036984673739
307,266a,-,S,S,S,S,S,S,S,S,S,S,T,-,-,-,-,-,-,-,-,-,-,-,-,-,-,-,-,-,-,-,-,-,-,-,-,-,-,-,-,-,-,-,-,-,-,-,-,-,-,-,-,-,-,-,-,-,,,,,0.057756558361264553
308,266b,-,N,N,N,N,N,N,N,N,N,Q,T,-,-,-,-,-,-,-,-,-,-,-,-,-,-,-,-,-,-,-,-,-,-,-,-,-,-,-,-,-,-,-,-,-,-,-,-,-,-,-,-,-,-,-,-,-,,,,,0.049941461717217715
309,266c,-,E,E,E,E,E,E,E,E,E,E,E,-,-,-,-,-,-,-,-,-,-,-,-,-,-,-,-,-,-,-,-,-,-,-,-,-,-,-,-,-,-,-,-,-,-,-,-,-,-,-,-,-,-,-,-,-,,,,,0.065461701950352613
310,266d,-,A,A,A,A,A,A,A,A,A,A,A,S,S,P,S,S,S,S,K,D,D,S,D,D,D,S,D,D,E,Q,D,N,N,S,N,N,N,N,N,N,-,-,-,-,-,-,-,-,-,-,-,-,-,-,-,-,,,,,0.47292468852074465
311,266e,-,G,G,G,G,G,G,G,G,G,G,G,S,S,S,S,S,S,H,N,G,G,G,G,G,G,G,G,G,G,G,G,D,D,G,D,G,G,D,E,G,-,-,-,-,-,-,-,-,-,-,-,-,-,-,-,-,G,0.79702684453015205,,,0.67195523964377668
312,266f,-,G,G,G,G,G,G,G,G,G,G,G,L,V,M,I,M,M,M,A,H,H,H,R,L,H,H,D,V,I,L,Q,L,L,L,L,L,L,L,L,L,-,-,-,-,-,-,-,-,-,-,-,-,-,-,-,-,,,,,0.36647692835556839
313,266g,-,I,I,I,I,I,I,I,I,V,M,V,N,N,N,N,T,T,N,S,Y,Y,Y,Y,E,E,Y,F,D,D,K,K,W,W,W,W,W,W,W,W,W,-,-,-,-,-,-,-,-,-,-,-,-,-,-,-,-,,,,,0.29071819351051914
314,266h,-,Y,Y,Y,Y,Y,Y,Y,Y,Y,Y,Y,Y,Y,Y,Y,C,Y,Y,Y,Y,Y,Y,Y,Y,Y,Y,Y,Y,Y,Y,Y,Y,Y,Y,Y,Y,Y,Y,Y,Y,-,G,-,-,Q,K,K,K,-,-,-,-,-,H,K,K,Y,0.98618345815072994,,,0.97239076821115844
315,267,T,Q,Q,Q,Q,Q,Q,Q,Q,Q,Q,Q,Q,Q,Q,Q,Q,Q,Q,K,D,D,D,D,D,D,D,D,D,D,K,I,N,N,N,N,N,N,N,N,N,T,V,T,T,V,V,V,V,T,T,T,T,T,V,V,V,,,,,0.5456249996527911
316,268,Q,V,V,V,V,V,V,V,V,V,V,V,V,V,V,V,V,V,V,V,I,I,I,I,V,I,I,V,V,V,V,V,F,F,F,F,F,F,F,I,V,Q,Q,Q,Q,Q,K,Q,Q,Q,Q,Q,Q,Q,Q,Q,Q,V,0.8196929420732163,,,0.71639015958281738
317,269,V,L,L,L,L,L,L,L,L,L,L,L,L,L,L,L,L,L,V,L,L,L,L,L,V,L,V,I,I,I,I,I,I,I,I,I,I,I,I,I,I,V,V,V,V,L,I,V,V,V,V,V,V,V,V,V,V,L,0.77143634257955529,,,0.70976899436409668
318,270,L,E,E,E,E,E,E,E,E,E,E,E,E,E,E,E,E,E,E,E,E,E,E,E,E,E,E,E,E,E,E,E,E,E,E,E,E,E,E,E,E,L,L,L,L,L,L,L,L,L,L,L,L,L,V,L,L,E,0.99999999999999989,,,0.99999999999999989
319,271,E,I,I,I,I,I,I,I,I,L,M,M,L,L,L,L,L,L,L,L,L,L,L,L,L,L,L,L,M,V,L,L,L,L,L,L,L,L,L,L,L,E,E,E,E,E,E,E,E,E,E,E,E,E,E,E,E,L,0.84662353680312574,,,0.75750627236612966
320,272,L,P,P,P,P,P,P,P,P,P,P,L,S,S,P,P,P,P,P,P,P,P,P,P,P,P,P,P,P,P,P,P,P,P,P,P,P,P,P,P,P,L,L,L,M,M,L,L,L,L,L,L,L,L,L,L,L,P,0.95211201679149615,,,0.90713321297052818
321,273,P,Y,Y,Y,Y,Y,Y,Y,Y,Y,Y,Y,Y,Y,Y,Y,Y,Y,Y,Y,Y,Y,Y,Y,Y,Y,Y,Y,Y,Y,Y,Y,Y,Y,Y,Y,Y,Y,Y,Y,Y,P,P,P,P,P,P,P,P,P,P,P,P,P,P,P,P,Y,0.99999999999999989,,,0.99999999999999989
322,274,F,E,E,E,E,E,E,E,E,E,E,E,K,K,K,K,K,K,E,K,H,H,H,H,Q,H,H,E,E,E,H,H,H,H,H,H,H,H,H,H,H,F,Y,F,F,Y,Y,Y,Y,F,F,F,F,F,Y,Y,Y,,,,,0.58265045952651984
323,275,K,G,G,G,G,G,G,G,G,G,G,G,G,G,G,G,A,A,G,G,G,G,G,G,R,G,G,G,G,G,G,G,G,G,G,G,G,G,G,G,G,K,K,K,K,R,N,K,K,K,K,K,K,K,K,K,R,G,0.95182305426522451,,,0.9068218760176191
324,276,G,D,D,D,D,D,D,D,D,D,E,E,D,D,D,D,D,D,D,D,D,D,D,N,D,E,D,E,E,D,N,N,E,E,E,E,E,E,E,E,G,G,G,G,G,G,G,G,G,G,G,G,G,G,G,G,G,D,0.81468910014008056,E,0.70890164380617859,0.73831928133028291
325,277,D,E,A,E,E,E,E,E,E,E,D,D,E,E,G,E,E,E,E,K,T,T,T,T,T,T,T,E,S,S,T,S,S,S,S,S,S,S,S,M,S,D,D,D,D,D,G,D,D,D,D,D,D,V,D,D,D,,,,,0.48319596116520785
326,278,D,I,I,I,I,I,I,I,I,I,L,M,F,F,F,F,F,F,F,F,L,L,L,L,L,L,L,L,I,L,V,M,I,I,I,I,I,I,I,I,L,D,D,D,D,D,D,D,D,D,D,D,D,D,D,D,D,,,,,0.60301025542779696
327,279,I,S,S,S,S,S,S,S,S,S,S,S,S,S,S,S,S,S,S,S,S,S,S,S,S,S,S,S,S,S,S,S,S,S,S,S,S,S,S,S,S,I,I,I,I,I,I,I,I,I,I,I,I,I,I,I,I,S,0.99999999999999989,,,0.99999999999999989
328,280,T,M,M,M,M,M,M,M,M,L,M,M,L,L,L,L,L,L,L,L,M,M,M,M,M,M,M,M,M,M,M,M,M,M,M,M,M,M,M,M,M,T,T,T,T,T,T,T,T,T,T,T,T,T,T,T,T,M,0.89167601946924646,,,0.82932441524899336
329,281,M,M,M,M,M,M,M,M,M,I,M,M,I,I,I,I,V,V,I,L,F,F,F,L,F,F,F,L,L,L,L,F,L,L,L,L,L,L,L,L,L,M,M,M,M,M,M,M,M,M,M,M,M,M,M,M,M,,,,,0.5919449273019648
330,282,V,L,L,L,L,L,L,L,I,I,I,I,I,I,I,I,I,I,L,L,I,I,I,I,I,I,I,I,L,L,I,I,I,I,I,I,I,I,I,I,V,V,V,V,V,V,V,V,V,V,V,V,V,V,V,V,V,I,0.84314017412817532,,,0.7674737938099736
331,283,L,V,V,V,V,A,V,V,V,V,V,V,I,I,I,I,I,L,L,T,A,A,A,A,A,A,A,A,V,V,A,A,A,A,A,A,A,A,A,A,A,L,L,L,L,I,L,L,L,L,L,L,L,L,L,L,L,,,,,0.60500527466430121
332,284,I,L,L,L,L,L,L,L,L,L,L,L,L,L,L,L,L,L,L,L,A,A,A,A,A,A,A,A,T,S,L,L,L,L,L,L,L,L,L,L,L,I,V,I,I,I,I,V,V,I,I,I,I,I,I,I,I,L,0.80690211512742172,,,0.69266838255195462
333,285,L,S,S,S,S,S,S,S,S,S,P,P,P,P,P,P,P,P,P,P,P,P,P,P,P,P,P,P,P,P,P,P,P,P,P,P,P,P,P,P,P,L,L,L,L,L,L,L,L,L,L,L,L,L,L,L,L,P,0.87247911043400272,,,0.79399677307887773
334,286,P,R,R,R,R,R,R,R,R,R,R,R,A,A,A,A,T,T,A,A,Y,Y,Y,Y,F,F,Y,Y,F,I,S,T,T,T,T,T,T,T,T,T,T,P,P,P,P,P,P,P,P,P,P,P,P,P,P,P,P,,,,,0.39923609455328707
335,287,K,Q,Q,Q,Q,Q,Q,Q,Q,Q,Q,Q,E,E,E,E,E,E,K,E,E,E,E,E,E,E,E,E,E,E,E,E,E,E,E,E,E,E,E,E,E,K,S,K,K,S,I,K,D,K,K,K,K,G,T,S,L,E,0.84272088552520141,,,0.76372582334025929
336,288,P,-,-,-,-,-,-,-,-,-,-,-,-,-,-,-,-,-,-,-,K,K,K,K,K,K,K,K,K,R,E,D,S,S,S,S,S,S,S,N,E,P,P,P,P,Q,E,A,A,P,P,L,L,P,M,K,K,,,,,0.14073941745336258
337,289,E,E,E,E,E,E,E,E,E,E,E,E,G,G,D,H,D,D,D,D,E,E,E,E,D,D,E,N,D,E,N,S,S,S,S,S,S,S,S,T,S,E,E,E,E,G,G,G,E,E,E,E,E,G,G,D,D,,,,,0.5504485367083074
338,290,K,V,V,V,V,V,V,V,V,V,V,V,M,M,V,T,T,V,V,V,V,V,V,V,V,V,M,V,V,V,T,T,T,T,V,T,T,T,T,T,T,K,T,K,K,T,A,T,T,K,K,K,K,K,T,T,T,V,0.76294679828416145,,,0.66329461020161029
339,291,S,P,P,P,P,P,P,P,P,P,P,P,D,D,N,N,S,N,A,E,P,P,P,P,H,P,P,P,P,P,P,P,P,P,P,P,P,P,P,P,P,S,P,S,S,A,T,P,P,S,S,P,T,N,S,V,P,P,0.83242306097435093,,,0.70901655197349212
340,292,L,L,L,L,L,L,L,L,L,L,L,L,I,I,I,I,I,I,L,I,L,L,L,L,L,L,L,L,L,L,L,L,L,L,L,L,L,L,L,L,L,L,L,L,L,L,L,L,L,L,L,L,L,L,L,L,L,L,0.90356052576587798,,,0.83795582763101495
341,293,A,A,A,A,A,A,A,V,V,A,S,A,E,E,E,E,E,E,E,G,S,S,S,S,S,S,S,S,S,S,S,S,S,S,S,S,S,S,S,S,S,A,M,A,A,S,S,V,V,A,A,A,A,D,K,A,S,S,0.7018686979496408,,,0.56971802175303488
342,294,K,T,T,T,T,T,T,T,T,T,S,S,E,E,E,E,E,E,E,E,A,A,A,A,A,A,A,A,A,A,H,S,A,A,A,A,A,A,A,A,A,K,K,K,K,Q,E,E,E,K,K,K,K,K,E,E,E,,,,,0.54450769666262611
343,295,V,L,L,L,L,L,L,L,L,L,L,L,V,V,M,M,V,V,L,L,L,L,L,L,L,I,L,I,L,L,I,I,I,I,I,I,I,I,I,I,I,V,V,V,V,V,V,V,V,V,V,V,V,M,V,V,V,L,0.75137119365484961,,,0.68291373517700238
344,296,E,E,E,E,E,E,E,E,E,E,E,E,E,E,E,E,E,E,E,E,T,T,T,T,T,T,T,T,N,I,I,L,I,I,V,V,I,I,I,I,I,E,E,E,E,E,V,E,E,E,E,E,E,E,E,E,E,,,,,0.47781639369629797
345,297,K,P,P,P,P,P,P,P,P,P,P,P,K,K,K,K,N,K,R,K,N,N,N,S,N,N,N,N,K,G,P,P,P,P,P,P,P,P,P,P,P,Q,Q,Q,Q,E,A,R,R,K,K,R,Q,Q,Q,R,E,,,,,0.52600701511682812
346,298,E,L,L,L,L,L,L,L,L,L,I,I,L,L,R,L,Q,Q,N,I,I,I,I,I,I,I,I,I,E,D,T,H,H,H,H,H,H,H,H,H,H,E,N,E,E,V,N,D,D,E,E,E,E,E,D,D,N,,,,,0.41840358856509802
347,299,L,V,V,V,V,L,L,V,V,L,I,I,I,I,I,I,V,V,I,V,L,L,L,L,L,L,L,L,L,L,I,I,I,I,I,I,I,I,I,I,I,L,L,L,L,L,M,L,L,L,L,L,L,L,L,L,L,I,0.73478802424591005,,,0.67653022193048618
348,300,T,K,K,K,K,K,K,K,K,K,K,K,T,T,T,T,T,T,S,T,S,S,D,D,D,D,D,T,S,S,S,S,S,S,S,S,T,S,S,S,S,T,T,T,T,D,N,T,T,T,T,T,T,T,T,M,D,,,,,0.49480051704812178
349,301,P,A,T,A,A,A,P,P,A,A,A,A,A,A,A,A,A,A,M,A,A,A,A,A,A,A,A,P,S,S,T,T,T,T,T,T,T,T,T,T,T,P,L,P,P,L,L,S,S,P,P,P,P,P,L,S,L,A,0.74679447987521941,,,0.64504541803159166
350,302,E,Q,Q,Q,Q,Q,Q,Q,S,P,P,P,Q,Q,H,P,P,R,E,T,Q,Q,Q,E,E,E,Q,E,S,Q,A,N,K,K,K,K,K,K,K,K,K,E,E,E,E,K,K,D,E,E,E,D,D,E,E,E,K,,,,,0.48214715837873579
351,303,V,L,L,L,L,L,L,L,L,L,L,L,Q,Q,Q,Q,H,H,Q,M,L,L,L,L,L,L,L,L,R,R,S,T,T,T,T,T,T,T,T,T,T,V,K,L,L,K,K,K,K,V,V,M,M,L,Q,Q,K,,,,,0.47063642050834309
352,304,L,I,I,V,I,I,I,I,I,I,L,L,I,I,I,I,V,V,I,I,I,I,I,I,I,I,I,I,I,I,V,I,I,I,I,I,I,I,I,I,L,L,L,L,L,L,L,L,L,L,L,L,L,L,L,L,L,I,0.91844906747577615,,,0.85399978693615908
353,305,Q,E,E,E,E,E,E,E,N,E,E,E,L,L,L,L,R,Q,Q,K,S,S,S,S,R,R,S,A,H,R,Q,Q,D,D,D,D,D,N,Q,G,Q,Q,G,Q,Q,S,V,Q,Q,Q,Q,Q,Q,Q,Q,E,T,,,,,0.40109571629781376
354,306,E,E,E,E,E,E,E,E,E,E,E,E,K,K,K,Q,R,K,S,T,H,H,Q,Q,Q,Q,Q,Q,Q,Q,N,S,S,S,S,S,S,S,S,S,S,E,N,E,E,A,G,D,G,E,E,E,E,E,S,R,G,,,,,0.47439105816587301
355,307,W,W,W,W,W,W,W,W,W,W,W,W,W,W,W,W,W,W,W,W,W,W,W,W,W,W,W,W,W,W,W,W,W,W,W,W,W,W,W,W,W,W,W,W,W,W,W,W,W,W,W,W,W,W,W,W,W,W,0.99999999999999989,,,0.99999999999999989
356,308,L,A,A,A,A,A,A,A,A,A,A,A,L,L,F,F,F,F,F,F,K,K,K,K,K,K,K,K,R,R,T,T,M,M,V,M,M,M,M,M,M,L,L,L,L,L,L,I,I,L,L,L,L,L,L,L,L,,,,,0.37119682294921347
357,309,D,N,N,N,N,N,N,N,N,N,N,N,S,S,S,S,S,S,T,A,G,G,G,G,G,S,G,A,Q,Q,K,K,S,S,S,S,N,N,T,T,T,D,Q,D,D,D,H,D,D,D,D,D,D,D,G,S,H,,,,,0.48671931677951313
358,310,E,S,S,S,S,S,S,S,S,S,N,N,E,E,E,E,E,E,K,D,N,N,N,N,N,N,N,Q,E,E,L,L,I,I,T,A,T,T,N,T,-,E,K,E,E,Q,A,S,S,E,E,E,E,E,S,S,N,,,,,0.40851647765350318
359,311,L,V,V,V,V,V,V,V,V,V,V,V,M,M,M,M,L,L,M,M,M,M,M,M,M,M,M,M,M,L,M,M,M,M,M,M,M,M,M,M,M,M,S,L,L,M,M,M,L,L,L,L,L,L,M,M,M,M,0.82123338408493363,,,0.73663352160195794
360,312,E,K,K,K,K,K,K,K,K,K,K,K,Q,Q,Q,Q,H,H,Q,K,T,T,T,T,T,T,T,K,R,R,H,N,V,V,V,V,V,V,V,V,T,T,R,S,S,K,K,M,T,E,E,T,T,V,K,Q,R,,,,,0.42779682394370577
361,313,E,K,K,K,K,K,K,K,K,K,L,R,E,E,E,E,E,E,E,E,R,R,R,R,R,R,K,K,K,R,M,P,P,P,P,P,P,P,P,A,P,E,E,E,E,E,E,E,E,E,E,E,E,E,E,E,E,,,,,0.45542987051219685
362,314,M,Q,Q,Q,Q,Q,Q,Q,Q,Q,Q,Q,E,E,E,Q,E,E,E,E,L,L,Q,L,L,L,A,V,I,V,M,R,K,K,K,K,K,K,K,K,K,T,L,T,V,T,T,V,V,M,M,T,T,T,I,V,T,,,,,0.43527431308316417
363,315,M,K,K,K,K,K,K,K,K,K,K,K,E,E,E,E,E,E,H,V,P,P,L,T,P,P,P,T,S,K,K,R,R,R,R,R,R,R,R,R,R,L,Q,M,M,T,T,S,S,M,M,L,L,L,S,M,S,,,,,0.46451523988173238
364,316,L,V,V,V,V,V,V,V,V,V,V,V,V,V,V,V,V,V,V,V,R,R,R,R,R,R,R,R,K,R,I,M,V,V,V,V,M,M,V,V,V,L,L,L,L,V,V,L,L,L,L,L,L,L,L,L,V,V,0.72421743781108483,,,0.58732252929847661
365,317,V,E,E,E,E,E,E,E,E,E,E,E,E,E,E,E,E,E,E,E,L,L,L,L,L,L,L,L,Q,Q,R,R,Q,Q,Q,Q,Q,Q,Q,Q,Q,V,S,V,V,S,A,T,V,V,V,V,V,V,S,S,S,,,,,0.51643411923837534
366,318,V,V,V,V,V,V,V,V,V,V,V,V,I,I,V,I,V,V,I,I,L,L,L,L,L,L,L,L,L,L,L,L,V,V,V,V,L,L,L,V,L,V,V,V,V,V,V,V,V,V,V,V,V,V,I,V,V,V,0.72979177369289583,,,0.68636042928773056
367,319,H,Y,Y,Y,Y,Y,Y,Y,Y,Y,Y,Y,S,S,S,S,S,S,S,S,V,V,V,V,I,I,I,V,S,S,L,L,I,I,I,I,V,V,I,I,I,H,Y,H,H,H,Q,S,Y,H,H,H,H,H,Y,Y,H,,,,,0.43763244971083859
368,320,M,L,L,L,L,L,L,L,L,L,L,L,L,L,L,L,L,L,L,L,L,L,L,L,L,L,L,L,I,M,I,M,L,L,L,L,L,L,L,L,L,M,L,M,V,V,I,F,L,M,M,M,M,I,L,L,L,L,0.94527987148646153,,,0.89716150424252894
369,321,P,P,P,P,P,P,P,P,P,P,P,P,P,P,P,P,P,P,P,P,P,P,P,P,P,P,P,P,P,P,P,P,P,P,P,P,P,P,P,P,P,P,P,P,P,P,P,P,P,P,P,P,P,P,P,P,P,P,0.99999999999999989,,,0.99999999999999989
370,322,R,R,R,R,R,R,R,R,R,R,R,R,R,R,R,R,R,R,R,R,K,K,K,K,K,K,K,K,R,R,K,K,K,K,K,K,K,K,K,K,K,C,R,R,R,R,R,R,R,R,R,H,R,R,R,R,R,R,0.81189495190798822,K,0.78810504809201165,0.79558046411119099
371,323,F,F,F,F,F,F,F,F,F,F,F,F,F,F,F,F,F,F,F,F,F,F,F,F,F,F,F,F,F,F,F,F,F,F,F,F,F,F,F,F,F,F,F,F,F,F,F,F,F,F,F,F,F,F,F,F,F,F,0.99999999999999989,,,0.99999999999999989
372,324,R,T,T,T,T,T,T,T,T,K,K,K,K,K,K,K,K,K,Q,K,S,S,S,S,S,S,S,S,S,T,T,T,T,T,T,T,T,T,T,T,S,R,R,R,R,R,R,R,R,R,R,R,R,R,R,C,R,,,,,0.54141900645669794
373,325,I,V,V,V,V,V,V,I,V,V,M,V,V,V,V,V,I,I,I,V,L,L,L,L,L,L,L,L,M,L,A,V,A,A,A,A,A,A,A,A,V,M,V,T,I,V,V,V,I,I,I,I,I,I,I,I,I,,,,,0.57119234121975671
374,326,E,E,E,E,E,E,E,E,E,E,E,E,E,E,E,E,E,E,E,E,E,E,E,E,E,E,E,L,D,N,D,E,V,V,V,V,V,L,V,V,E,E,E,E,E,E,E,E,E,E,E,E,E,E,E,E,E,E,0.7805843879864427,,,0.6421914254873784
375,327,D,Q,Q,Q,Q,Q,Q,Q,Q,E,Q,Q,Q,Q,Q,Q,Q,Q,Q,H,T,T,T,T,T,T,S,S,T,S,A,Q,A,A,A,A,A,A,A,A,A,D,D,D,D,D,D,D,D,D,D,D,D,D,D,D,D,,,,,0.50943234293381123
376,328,G,E,E,E,E,E,E,E,E,V,K,K,K,K,K,K,K,K,K,K,E,E,E,E,E,E,E,E,E,E,E,E,Q,Q,Q,Q,Q,Q,N,E,E,S,S,G,S,S,S,S,S,G,G,S,S,S,N,S,S,E,0.73465562935842765,,,0.62972255459474447
377,329,F,I,I,I,I,I,I,I,I,V,I,I,V,V,L,L,L,L,L,I,V,V,V,I,V,V,A,V,I,V,V,L,T,T,T,T,T,T,L,T,A,F,F,F,F,F,F,F,F,F,F,F,F,F,F,F,F,,,,,0.57001814806036155
378,330,S,D,D,D,D,D,D,D,D,N,D,D,D,D,D,D,D,D,D,D,D,D,N,D,D,D,D,D,D,N,D,D,D,D,D,D,D,D,D,D,D,S,S,S,S,S,S,S,S,S,S,S,S,S,S,S,S,D,0.9584088584113194,,,0.92133565312401411
379,331,L,L,L,L,L,L,L,L,L,L,L,L,F,F,F,F,L,F,F,L,L,L,L,L,L,L,L,L,L,F,L,L,L,L,L,L,L,L,L,L,L,V,V,L,L,L,L,V,V,L,L,V,V,L,T,L,L,L,0.90248665699608865,,,0.83655448132951882
380,332,K,K,K,K,K,K,K,K,K,K,R,R,K,K,K,K,K,K,K,K,R,R,R,R,R,R,K,K,K,K,K,E,K,K,K,K,K,K,K,K,K,K,K,K,K,K,K,K,K,K,K,K,K,K,K,K,K,K,0.90294134888249167,,,0.8393099483663643
381,333,E,E,D,D,D,D,D,D,D,D,K,E,D,D,E,E,E,E,E,K,K,K,R,R,G,G,R,K,S,S,G,T,E,E,E,E,E,E,A,D,E,E,E,E,E,E,E,E,E,E,E,E,E,E,K,E,E,,,,,0.52346942569855592
382,334,Q,V,V,V,V,I,I,V,V,V,T,S,V,V,A,A,A,A,A,S,P,P,P,P,P,P,P,P,T,A,S,P,P,P,P,P,P,P,S,P,P,R,K,Q,Q,K,Q,K,K,Q,Q,Q,Q,H,K,N,K,,,,,0.50955003757544082
383,335,L,L,L,L,L,L,L,L,L,L,L,L,L,L,L,L,L,L,F,F,L,L,L,L,L,L,L,L,L,L,L,L,L,L,L,L,L,L,L,L,L,L,L,L,L,L,L,L,L,L,L,L,L,L,L,L,L,L,0.97113606105746564,,,0.94399362291228373
384,336,Q,K,K,K,K,K,K,K,K,M,Q,Q,Y,Y,Y,Y,Y,F,K,L,E,E,E,E,E,E,E,E,S,L,S,K,K,K,K,K,K,K,K,K,R,Q,Q,Q,Q,Q,T,R,R,Q,Q,Q,Q,Q,R,Q,Q,,,,,0.43671739038495677
385,337,D,A,A,A,A,A,A,G,G,Q,E,Q,S,S,S,S,S,S,A,N,N,N,N,N,K,K,N,R,R,N,A,A,V,V,V,A,A,A,A,A,N,D,Q,D,D,L,K,K,K,D,D,D,D,K,D,R,A,,,,,0.45013368505532941
386,338,M,L,L,L,L,L,L,L,L,L,L,L,L,L,L,L,L,L,M,L,L,L,L,L,L,L,L,L,M,M,L,L,L,L,L,L,L,L,L,L,L,M,M,M,M,L,M,M,M,M,M,M,M,M,M,M,M,L,0.960856326108675,,,0.92642945217325912
387,339,G,G,G,G,G,G,G,G,G,G,G,G,N,N,N,N,N,N,N,N,G,G,G,G,G,G,G,G,G,G,G,G,G,G,G,G,G,G,G,G,G,G,G,G,G,G,G,G,G,G,G,G,G,G,G,G,G,G,0.86147901689896,,,0.77484644534339353
388,340,L,I,V,I,I,V,V,I,I,I,I,I,I,I,M,I,V,V,I,I,M,M,M,M,M,M,M,I,L,L,L,I,I,I,I,I,I,I,I,I,I,L,L,L,L,L,L,L,L,L,L,L,L,L,L,L,L,I,0.81249016232744886,,,0.71779500399985185
389,341,V,T,T,T,T,T,T,S,T,T,K,R,T,T,T,T,T,T,T,T,T,T,T,T,P,T,K,T,G,G,T,K,T,T,T,T,T,T,T,T,T,V,V,I,V,T,E,E,E,V,V,E,E,V,V,V,E,T,0.85603311954059869,,,0.74380849005572247
390,342,D,E,E,E,E,E,E,E,E,K,S,S,E,E,E,E,E,E,E,D,D,D,D,D,D,D,D,D,D,D,D,D,D,D,D,E,E,E,D,D,E,D,D,D,D,D,D,D,D,D,D,D,D,S,D,D,D,D,0.76328835399363382,E,0.76321528926428406,0.72454037953469252
391,343,L,V,V,I,I,I,I,I,V,I,V,I,I,I,I,I,I,I,I,I,M,M,M,M,M,I,M,M,I,V,M,I,M,M,M,M,M,M,M,M,M,L,L,L,L,L,L,L,L,L,L,L,L,L,L,I,L,I,0.75437219392194543,M,0.72028512626945018,0.71286750135622434
392,344,F,F,F,F,F,F,F,F,F,F,F,F,F,F,F,F,F,F,F,F,F,F,F,F,F,F,F,F,F,F,F,F,F,F,F,F,F,F,F,F,F,F,F,F,F,F,F,F,F,F,F,F,F,F,F,F,F,F,0.99999999999999989,,,0.99999999999999989
393,345,S,I,I,I,I,I,I,N,S,S,S,S,S,S,S,S,S,S,I,N,R,R,R,R,S,S,R,T,S,N,S,D,D,D,D,D,E,E,E,D,D,N,D,S,S,D,S,S,S,S,S,S,S,T,S,S,S,,,,,0.42872565806104779
394,346,P,K,K,K,K,K,K,R,R,G,T,K,G,G,G,G,G,G,G,E,Q,Q,P,P,A,S,P,Q,Q,L,S,Q,S,S,P,P,P,P,P,E,V,P,P,P,P,P,P,P,P,P,P,P,P,P,P,P,P,,,,,0.38910713708842959
395,347,E,N,N,D,D,D,D,N,S,E,E,D,G,G,G,G,G,G,G,G,F,F,N,S,T,T,G,E,S,A,E,N,S,S,S,S,S,S,S,S,S,E,N,E,E,N,A,E,E,E,E,E,E,E,E,E,K,,,,,0.4522006979837751
396,348,K,-,-,-,-,-,-,-,-,-,-,-,-,-,-,-,-,-,-,-,Q,R,L,Q,L,Q,Q,T,R,T,R,K,K,K,K,K,K,K,K,K,K,K,S,K,K,K,N,N,N,K,K,K,K,K,S,N,D,,,,,0.14372204287791152
397,349,S,A,A,A,A,A,A,A,A,A,A,A,C,C,C,C,C,C,C,C,A,A,A,A,A,A,A,A,A,A,A,A,A,A,A,A,A,A,A,S,A,S,A,S,S,A,A,A,A,S,S,S,S,S,A,A,A,A,0.83336278805061315,,,0.73121675008496789
398,350,K,N,N,N,N,N,N,D,D,D,D,D,D,D,D,D,D,D,D,D,D,D,D,D,D,D,D,D,D,D,D,D,N,N,N,N,N,N,N,N,N,R,K,Q,Q,S,S,K,R,K,K,R,R,K,K,R,S,D,0.81075576424322637,,,0.74961588736108464
399,351,L,L,L,L,L,L,L,F,L,L,L,L,L,L,L,L,L,L,L,L,F,F,F,F,F,F,F,F,F,F,F,F,F,F,F,F,F,F,F,F,F,L,L,L,L,L,L,L,L,L,L,L,L,L,L,L,L,F,0.76071755512374117,L,0.70628244487625869,0.72949527146381998
400,352,P,T,T,T,T,T,T,S,T,S,S,S,S,S,S,S,S,S,S,S,T,T,S,S,T,T,S,S,S,T,R,R,A,A,A,A,T,A,A,A,A,P,P,P,P,P,P,P,P,P,P,P,P,P,P,P,P,,,,,0.58434210386615471
401,353,G,A,A,G,G,A,A,A,A,A,S,A,G,G,G,G,G,G,G,G,S,S,S,S,S,S,R,R,R,R,H,H,K,K,K,K,K,K,K,K,K,G,G,G,G,G,G,G,G,G,G,G,G,G,G,G,-,,,,,0.45074282033972729
402,353a,-,L,L,L,L,M,M,L,M,V,M,M,I,I,I,I,I,I,I,I,L,L,L,F,L,L,L,L,I,I,L,L,I,I,I,I,I,I,I,I,I,E,-,-,-,-,-,-,-,-,-,-,-,-,-,-,-,I,0.73026802006920855,,,0.66670321171943636
403,353b,-,S,S,S,S,S,S,S,S,S,I,T,T,T,T,T,T,T,T,T,S,S,S,S,S,S,S,S,T,T,S,S,T,T,T,T,T,T,T,T,T,P,-,-,-,-,-,-,-,-,-,-,-,-,-,-,-,T,0.70307557368939178,,,0.67383149842665846
404,353c,-,D,D,D,D,D,D,D,D,D,A,A,D,D,D,D,D,D,E,E,D,D,N,D,D,D,D,S,T,T,A,S,T,R,R,R,R,R,R,R,R,R,-,-,-,-,-,-,-,-,-,-,-,-,-,-,-,,,,,0.52774196811712926
405,353d,-,-,-,-,-,-,-,-,-,-,-,Q,-,-,-,-,-,-,-,-,-,-,-,-,-,-,-,-,-,-,-,-,G,-,-,-,-,-,-,-,-,K,-,-,-,-,-,-,-,-,-,-,-,-,-,-,-,,,,,0.00033941884852492417
406,353e,-,-,-,-,-,-,-,-,-,-,-,-,-,-,-,-,-,-,-,-,-,-,-,-,-,-,-,-,-,-,-,-,-,-,-,-,-,-,-,-,-,D,-,-,-,-,-,-,-,-,-,-,-,-,-,-,-,,,,,0.0
407,353f,-,-,-,-,-,-,-,-,-,-,-,-,-,-,-,-,-,-,-,-,-,-,-,-,-,-,-,-,-,-,-,-,-,-,-,-,-,-,-,-,-,V,-,-,-,M,M,-,-,-,-,-,-,-,-,-,G,,,,,0.0
408,354,I,-,-,-,-,-,-,-,-,-,-,-,-,-,-,-,-,-,-,-,-,-,-,-,-,-,-,-,-,-,-,-,-,-,-,-,-,-,-,-,-,L,I,I,I,L,V,I,I,I,I,I,I,I,I,I,I,,,,,0.0
409,355,V,-,-,-,-,-,-,-,-,-,-,-,-,-,-,-,-,-,-,-,-,-,-,-,-,-,-,-,-,-,-,-,-,-,-,-,-,-,-,-,-,L,V,V,I,E,A,V,I,V,V,V,V,T,A,I,L,,,,,0.0
410,356,A,-,-,-,-,-,-,-,-,-,-,M,-,-,-,-,-,-,-,-,-,-,-,-,-,-,-,-,-,-,-,-,-,-,-,-,-,-,-,-,-,Q,A,A,A,D,D,A,A,A,A,A,A,A,A,T,E,,,,,0.0
411,357,E,-,-,-,-,-,-,-,-,-,-,T,-,-,-,-,-,-,-,-,-,-,-,-,-,-,-,-,-,-,-,-,-,-,-,-,-,-,-,-,-,K,G,G,E,G,A,G,E,E,E,E,E,D,E,E,D,,,,,0.0
412,358,G,-,-,-,-,-,-,-,-,-,-,D,-,-,-,-,-,-,-,-,-,-,-,-,-,-,-,-,-,-,-,-,-,-,-,-,-,-,-,-,-,A,G,G,G,-,E,D,G,G,G,G,G,G,G,D,E,,,,,0.0
413,359,R,N,N,N,N,K,K,K,N,S,G,G,S,S,S,S,S,S,S,S,Q,Q,Q,Q,Q,Q,K,E,E,E,-,-,S,S,S,S,S,S,S,T,S,G,R,R,R,V,G,R,R,R,R,R,R,R,R,R,A,,,,,0.44478894134625757
414,360,D,K,K,K,K,K,K,K,K,K,K,Q,S,S,A,S,S,S,S,P,E,E,E,E,E,E,E,K,E,E,E,E,E,E,E,E,E,E,E,E,E,N,T,D,D,E,P,T,T,D,D,N,S,E,T,K,N,,,,,0.55311868899325922
415,361,D,E,E,E,E,E,E,E,E,D,D,D,E,E,E,E,E,E,D,N,P,P,V,F,Q,Q,M,P,P,R,P,S,N,N,N,N,S,S,S,G,S,D,D,D,D,G,N,D,D,D,D,D,D,D,D,D,Y,,,,,0.42689977594072542
416,362,L,I,I,I,I,L,L,I,L,L,L,L,V,V,V,V,V,L,L,L,L,L,L,L,L,L,L,L,L,L,L,I,L,L,L,L,L,L,L,L,L,L,L,L,L,L,L,L,L,L,L,L,L,L,L,L,L,L,0.85542134828294414,,,0.76881424330728176
417,363,Y,F,F,F,F,F,F,F,Y,F,Y,F,Y,Y,F,Y,Y,Y,Y,Y,H,H,Y,Y,S,S,Y,Y,C,C,Y,Y,H,H,H,H,H,H,H,H,H,F,Y,Y,F,H,F,Y,Y,Y,Y,Y,Y,F,Y,Y,Y,Y,0.74657492437171968,,,0.62833442889895352
418,364,V,L,L,L,L,L,L,L,L,V,I,I,V,V,V,V,V,V,V,I,V,V,V,V,V,V,V,V,V,V,V,V,V,V,V,V,V,V,V,V,V,V,V,V,V,I,I,V,V,V,V,V,V,V,V,V,I,V,0.86771622266227999,,,0.7849470124998249
419,365,S,S,S,S,S,S,S,A,A,A,G,G,S,S,S,S,S,S,S,S,A,A,S,S,A,A,S,S,S,S,S,S,S,S,S,S,S,S,S,S,S,S,S,S,S,S,S,S,S,S,S,S,S,S,S,S,S,S,0.86511860982847721,,,0.77437438493881627
420,366,D,K,K,K,K,K,K,R,K,K,K,K,Q,Q,Q,R,R,R,K,K,Q,Q,R,Q,Q,Q,Q,E,K,K,T,K,H,H,H,H,H,H,H,H,H,D,D,D,D,D,D,E,D,D,D,D,D,D,D,D,D,,,,,0.58853720507508389
421,367,A,A,A,A,A,A,A,A,A,A,A,A,V,V,V,V,V,A,I,V,A,A,A,A,A,A,A,A,V,I,A,A,I,I,I,I,I,I,I,V,L,A,A,A,A,A,A,A,A,A,A,A,A,A,A,A,A,A,0.71008799872784056,,,0.62557757896747113
422,368,F,I,I,I,I,V,V,V,F,V,V,V,T,T,M,M,M,M,T,F,L,L,L,L,L,L,L,F,L,M,L,L,L,L,L,L,L,L,L,L,L,F,F,F,F,Y,Y,F,F,F,F,F,F,F,F,F,F,L,0.71141242823916773,,,0.58810948732781765
423,369,H,H,H,H,H,H,H,H,H,H,Q,Q,Q,Q,Q,Q,Q,Q,Q,Q,Q,Q,Q,Q,Q,Q,Q,Q,Q,Q,Q,Q,Q,Q,Q,Q,Q,Q,Q,Q,Q,H,H,H,H,H,H,H,H,H,H,H,H,H,H,H,H,Q,0.90074624095446543,,,0.83966082171305978
424,370,K,K,K,K,K,K,K,K,K,K,K,K,K,K,H,Q,K,K,K,K,K,K,K,K,K,K,K,K,R,K,K,K,K,K,K,K,K,K,K,K,K,K,K,K,K,K,K,K,K,K,K,K,K,K,K,K,K,K,0.95968164442180448,,,0.92165401438137384
425,371,A,S,C,S,S,S,S,S,A,S,A,A,V,V,I,V,V,V,I,V,V,V,V,V,V,V,V,I,V,I,A,A,A,A,A,A,A,A,A,T,A,A,A,A,A,A,A,A,A,A,A,A,A,A,A,A,A,,,,,0.53498550435618408
426,372,F,F,F,F,F,C,F,F,F,F,Y,Y,F,F,F,F,F,F,F,F,K,K,K,K,R,K,K,K,K,K,K,K,K,K,K,K,K,K,K,K,K,F,F,F,F,F,F,F,F,F,F,F,F,F,F,F,F,,,,,0.46240185016455787
427,373,L,I,I,L,L,I,I,I,L,L,L,L,F,F,F,F,F,F,L,L,I,I,I,I,I,I,I,V,L,I,I,I,I,I,I,I,I,I,I,I,I,L,L,L,L,L,L,L,L,L,L,L,L,L,L,L,L,I,0.76409809659966654,,,0.66363868804952519
428,374,E,E,E,E,E,E,E,E,E,E,E,E,E,E,E,E,E,E,V,E,E,E,E,E,E,E,E,E,E,E,E,E,E,E,E,E,E,E,E,E,E,E,E,E,E,E,E,E,E,E,E,E,E,E,E,E,E,E,0.97860757123420672,,,0.95728798521028213
429,375,V,V,V,V,V,V,V,V,V,V,V,V,I,I,I,I,I,I,V,I,V,V,V,V,V,V,V,V,V,V,V,V,V,V,V,V,V,V,V,V,V,V,V,V,V,V,V,V,V,V,V,V,V,V,V,V,V,V,0.92762516004943929,,,0.87839086501389518
430,376,N,N,N,N,N,N,N,N,N,N,T,T,N,N,N,N,N,N,N,N,N,N,N,N,N,N,N,T,N,N,N,N,S,S,S,S,S,S,S,S,N,N,N,N,N,N,N,N,N,N,N,N,N,N,N,N,N,N,0.83833872924014952,,,0.73908180018323877
431,377,E,E,E,E,E,E,E,E,E,E,E,E,E,E,E,E,E,E,E,E,E,E,E,E,E,E,E,E,E,E,E,E,E,E,E,E,E,E,E,E,E,E,E,E,E,E,E,E,E,E,E,E,E,E,E,E,E,E,0.99999999999999989,,,0.99999999999999989
432,378,E,E,E,E,E,E,E,E,E,E,E,E,D,D,D,E,D,D,D,E,S,S,S,S,S,S,S,K,E,H,D,D,D,D,D,D,D,D,D,D,D,E,E,E,E,E,E,E,E,E,E,E,E,E,E,E,E,D,0.7063590125962026,,,0.61339734191477369
433,379,G,G,G,G,G,G,G,G,G,G,G,G,G,G,G,G,G,G,G,G,G,G,G,G,G,G,G,G,G,G,G,G,G,G,G,G,G,G,G,G,G,G,G,G,G,G,G,G,G,G,G,G,G,G,G,G,G,G,0.99999999999999989,,,0.99999999999999989
434,380,S,S,S,S,S,S,S,S,S,S,L,A,S,S,S,S,S,S,S,S,T,T,T,T,T,T,T,T,T,T,T,T,T,T,T,T,T,T,T,T,T,S,S,S,S,S,S,S,S,S,S,S,S,S,S,S,S,T,0.71467321120009319,,,0.65864651424447995
435,381,E,E,E,E,E,E,E,E,E,E,E,E,E,E,E,E,E,E,E,E,V,V,V,L,V,V,V,R,K,K,K,K,K,K,K,K,K,K,K,K,K,E,E,E,E,E,E,E,E,E,E,E,E,E,E,E,E,,,,,0.53248489515273156
436,382,A,A,A,A,A,A,A,A,A,A,G,G,A,A,A,V,A,A,A,A,A,A,A,A,A,A,A,A,G,A,A,A,A,A,A,A,A,A,A,A,A,A,A,A,A,A,A,A,A,A,A,A,A,A,A,A,A,A,0.93597421851741658,,,0.87924469357858615
437,383,A,A,A,A,A,A,A,A,A,A,A,A,A,A,A,A,A,A,A,A,S,S,S,S,S,S,S,S,S,A,S,S,S,S,S,S,S,A,S,S,S,A,A,A,A,A,S,S,S,A,A,A,A,A,A,A,A,A,0.71497375270545593,,,0.69304882692065495
438,384,A,A,A,A,A,A,V,A,A,A,V,A,T,T,T,T,A,A,A,A,S,S,S,S,S,S,S,A,S,A,A,A,A,A,A,A,A,V,A,A,G,A,A,A,A,A,A,A,A,A,A,A,A,A,A,A,A,A,0.76403696143167987,,,0.64070325223618863
439,385,S,T,A,V,V,A,A,A,A,S,G,G,S,S,A,S,S,S,S,S,S,S,S,S,S,S,T,A,A,A,A,T,A,A,A,A,A,V,A,A,A,S,S,S,S,A,A,A,A,S,S,S,S,S,S,S,A,,,,,0.58793723038680679
440,386,T,S,S,S,S,S,S,S,S,S,S,S,T,T,T,T,T,T,T,T,T,T,T,T,T,T,T,T,T,T,T,T,T,T,T,T,T,T,T,T,T,T,T,T,T,T,T,T,T,T,T,T,T,T,T,T,T,T,0.84101149016834487,,,0.76026815852085483
441,387,A,G,G,G,G,G,G,G,G,G,G,G,G,G,G,G,G,G,G,G,A,A,A,A,A,A,A,A,A,A,T,S,T,T,T,T,T,T,T,T,T,V,A,S,S,A,A,A,A,A,A,V,V,G,V,A,A,,,,,0.59289615713776589
442,388,V,M,M,M,M,M,M,M,M,M,L,M,I,I,M,I,I,I,G,M,V,V,I,L,F,I,I,A,A,A,A,V,A,A,A,A,A,A,A,A,A,I,V,V,V,A,V,V,V,V,V,I,I,V,V,V,V,,,,,0.50963086394306678
443,389,V,I,I,I,I,I,I,I,I,I,V,I,H,H,H,N,N,N,Q,Q,I,I,I,V,V,L,V,I,V,V,I,I,I,I,I,I,I,I,I,I,V,G,I,V,V,V,V,V,V,V,V,S,S,L,M,M,M,I,0.73802453458641259,,,0.58974030683179912
444,390,I,A,A,A,A,A,A,A,A,A,A,A,I,I,I,T,I,I,V,V,V,V,V,V,I,V,V,L,I,M,L,L,L,L,L,L,L,L,L,L,L,I,L,I,I,A,A,I,I,I,I,I,I,L,I,I,A,,,,,0.53155966990134074
445,391,A,I,I,I,I,I,I,I,I,N,L,L,P,P,P,P,P,P,P,S,S,S,S,S,S,S,S,L,Y,F,I,H,I,I,I,I,I,I,I,I,I,A,T,T,T,T,T,S,S,A,A,A,A,A,S,T,V,,,,,0.45794653303206201
446,392,G,S,S,S,S,S,S,S,S,S,T,T,V,V,A,V,A,A,V,-,A,A,A,A,A,A,A,A,S,S,A,A,A,A,A,A,A,A,A,A,A,G,G,G,G,G,G,G,G,G,G,G,G,G,G,G,G,A,0.72094341811971707,,,0.59610567509085688
447,393,R,R,R,R,R,R,R,R,R,R,R,R,I,I,I,I,I,I,I,A,R,R,R,R,R,R,R,R,R,R,R,R,R,R,R,R,R,R,R,R,R,R,R,R,R,R,R,R,R,R,R,R,R,R,R,R,R,R,0.82361685794829398,,,0.70654315339999674
448,394,S,M,M,M,M,M,M,M,M,M,T,T,M,M,M,M,M,M,M,M,M,M,M,M,M,M,M,M,M,M,S,S,S,S,S,S,S,S,S,S,S,S,S,S,S,S,S,S,S,S,S,S,S,S,S,S,S,M,0.76965820436034604,,,0.66098316007159752
449,395,L,A,A,A,A,A,A,A,A,A,L,L,S,S,S,S,S,S,S,S,A,A,A,A,A,A,A,A,A,A,S,S,S,S,S,S,S,S,S,S,S,L,L,L,L,I,L,F,F,L,L,L,L,L,F,L,I,,,,,0.64556714589596909
450,396,N,V,V,V,V,V,V,V,V,V,V,V,L,L,L,L,L,L,L,M,P,P,P,P,P,P,P,P,V,V,P,P,P,P,P,P,P,P,P,P,P,N,N,N,N,N,N,P,P,N,N,N,N,N,P,S,N,,,,,0.55723959948208801
451,397,P,L,L,L,L,L,L,L,L,L,L,L,A,A,A,S,T,T,A,S,-,-,-,-,-,-,-,-,-,-,-,-,-,-,-,-,-,-,-,-,-,P,L,P,P,L,I,M,M,P,P,L,S,P,M,M,S,,,,,0.11644235171026729
452,398,N,Y,Y,Y,Y,Y,F,Y,Y,Y,Y,Y,Q,Q,H,R,Q,Q,A,S,-,-,-,-,-,-,-,-,-,-,-,-,-,-,-,-,-,-,-,-,-,N,N,N,S,N,F,N,N,N,N,N,D,N,N,N,N,,,,,0.11095875259387891
453,399,R,-,-,-,-,-,-,-,-,-,-,-,-,-,-,-,-,-,-,-,-,-,-,-,-,-,-,-,-,-,-,-,-,-,-,-,-,-,-,-,-,R,R,R,R,R,R,R,R,R,R,R,R,R,K,K,R,,,,,0.0
454,400,V,P,P,P,P,P,P,P,P,P,P,P,S,S,N,N,T,T,N,H,E,E,E,E,T,T,Q,L,E,E,P,P,P,P,P,P,P,P,P,P,R,V,I,V,V,E,E,I,M,V,V,V,V,V,M,V,E,,,,,0.50202544464914323
455,401,T,Q,Q,Q,Q,Q,Q,Q,Q,Q,Q,Q,Q,Q,Q,Q,Q,Q,Q,R,E,E,E,E,E,E,E,E,E,E,W,W,W,W,W,W,W,W,W,W,W,T,T,T,T,I,Q,I,S,T,T,T,T,I,I,V,M,,,,,0.48622757293564589
456,402,F,V,V,V,V,V,V,V,V,V,V,V,F,F,F,F,F,F,F,F,I,I,I,I,M,M,I,V,I,I,V,V,F,F,F,F,F,F,F,F,F,F,F,F,F,F,F,F,F,F,F,F,F,F,F,F,F,,,,,0.58653479304392286
457,403,K,I,I,I,I,I,I,I,I,I,M,M,I,I,I,I,L,L,V,A,I,I,I,I,V,V,I,I,T,A,A,T,I,I,I,I,I,I,I,I,T,K,R,K,K,Q,V,E,N,K,K,Q,K,K,N,N,V,I,0.81445164815995397,,,0.69045548397187551
458,404,A,V,V,V,V,V,V,V,V,V,A,A,A,A,A,A,A,A,A,A,M,M,M,M,I,L,V,M,L,L,V,V,V,V,V,V,V,V,V,V,V,A,A,A,A,A,A,A,A,A,A,A,A,A,A,A,A,V,0.72186580761139385,,,0.60548722638140495
459,405,N,D,D,D,D,D,D,D,D,D,D,D,N,N,N,N,N,N,N,N,D,D,D,D,D,D,D,D,D,D,D,D,D,D,D,D,D,D,D,D,D,N,N,N,N,N,D,N,N,N,N,N,N,N,N,N,N,D,0.88930782010066822,,,0.82007969320544061
460,406,R,H,H,H,H,H,H,H,H,H,H,H,H,H,H,H,H,H,R,R,R,R,R,R,R,R,R,H,R,R,R,R,R,R,R,R,R,R,R,R,R,R,R,R,R,R,R,R,R,R,R,R,R,R,R,K,K,R,0.76233015090157774,H,0.70466984909842212,0.72984314186626231
461,407,P,P,P,P,P,P,P,P,P,P,P,P,P,P,P,P,P,P,P,P,P,P,P,P,S,S,P,P,P,P,P,P,P,P,P,P,P,P,P,P,P,P,P,P,P,P,P,P,P,P,P,P,P,P,P,P,P,P,0.96938939625403442,,,0.94040753524647858
462,408,F,F,F,F,F,F,F,F,F,F,F,F,F,F,F,F,F,F,F,F,F,F,F,F,F,F,F,F,F,F,F,F,F,F,F,F,F,F,F,F,F,F,F,F,F,F,F,F,F,F,F,F,F,F,F,F,F,F,0.99999999999999989,,,0.99999999999999989
463,409,L,F,F,F,F,L,L,F,F,F,F,F,L,L,L,L,L,L,L,L,L,L,L,L,L,L,L,L,F,L,L,L,L,L,L,L,L,L,L,V,L,L,L,L,L,L,L,L,L,L,L,L,L,L,L,L,L,L,0.85597084473419383,,,0.77628306362921684
464,410,V,F,F,F,F,Y,F,F,F,F,F,F,F,F,F,F,F,F,F,F,F,F,F,F,F,F,F,F,F,F,F,F,F,F,F,F,F,F,F,F,F,V,V,V,V,L,L,L,L,V,V,V,V,V,L,V,L,F,0.9921209874100142,,,0.98421902272709094
465,411,F,L,L,L,L,L,L,L,L,V,V,I,I,I,I,I,I,I,I,F,V,V,V,V,V,V,V,M,L,L,L,L,F,F,F,F,S,C,F,F,F,L,F,L,L,L,F,F,F,F,F,L,L,L,L,L,L,,,,,0.54189696611052673
466,412,I,I,I,I,I,I,I,I,V,I,I,I,M,M,V,M,L,M,L,I,V,V,V,V,V,V,V,V,I,I,I,I,I,I,I,I,I,I,I,I,I,I,I,I,I,I,I,I,I,I,I,I,I,I,I,I,I,I,0.82308830586405557,,,0.73704151752359715
467,413,R,R,R,R,R,R,K,R,R,R,R,R,K,K,K,K,K,K,K,R,R,R,R,R,R,R,R,R,Q,Q,R,R,R,R,R,R,R,R,R,R,R,R,R,R,R,R,R,R,R,R,R,R,R,L,R,R,R,R,0.88803849695154191,,,0.81752424779272592
468,414,E,N,N,N,N,N,N,N,N,N,D,N,H,H,N,N,H,H,N,H,H,H,H,H,H,H,H,H,H,H,H,H,H,H,H,H,H,H,H,H,H,E,E,E,E,E,E,E,E,E,E,E,E,E,E,E,E,H,0.79255102342189343,,,0.71124337266270576
469,415,V,R,R,R,R,R,R,R,R,R,R,R,N,N,N,N,I,I,N,I,N,N,N,N,N,N,N,N,K,K,N,N,N,N,N,N,N,N,N,N,N,V,V,V,V,A,S,A,A,V,V,V,V,V,V,V,S,N,0.72567324886607676,,,0.60527001873842379
470,416,P,R,R,R,R,K,K,R,R,K,R,K,P,P,P,P,R,Q,P,Q,P,P,P,P,P,P,P,P,P,P,P,S,P,P,P,P,P,P,P,P,P,A,A,A,A,S,S,T,A,P,P,A,A,T,A,A,T,P,0.72899289234122377,,,0.60395304884226786
471,417,L,T,T,T,T,S,T,T,T,T,T,T,T,T,T,T,T,T,T,S,T,T,T,T,T,T,T,T,T,T,T,S,T,T,T,T,T,T,T,T,T,L,I,L,L,I,I,L,L,L,L,L,L,L,I,I,I,T,0.95364634612355503,,,0.91225416938266224
472,418,N,G,G,G,G,G,G,G,G,G,G,G,E,E,E,D,E,E,E,G,G,G,G,G,E,E,E,G,G,G,G,G,G,G,G,G,G,G,G,G,G,N,N,N,N,N,N,N,N,N,N,N,N,N,N,N,N,G,0.84598541015835493,,,0.76026166520030469
473,419,T,T,T,T,T,I,T,T,T,S,S,S,S,S,S,S,S,S,S,M,T,T,T,T,T,T,T,T,A,T,T,T,A,A,A,A,A,A,A,T,A,T,S,T,T,T,A,T,T,T,T,T,T,T,A,S,T,,,,,0.59999980908076156
474,420,I,V,I,I,I,I,I,I,V,V,I,I,I,I,I,I,I,I,I,I,V,V,V,V,I,I,I,L,L,L,I,I,V,V,V,V,I,I,V,I,V,I,V,I,I,L,L,I,I,I,I,I,I,I,I,I,M,I,0.82938601671283452,V,0.71434777191390553,0.76044901508516127
475,421,I,L,L,L,L,L,L,L,L,L,L,L,L,L,L,L,L,L,L,L,L,L,L,L,L,L,L,L,L,L,L,L,L,L,L,L,L,L,L,L,L,I,L,I,I,L,I,I,I,I,I,I,I,I,I,I,V,L,0.99999999999999989,,,0.99999999999999989
476,422,F,F,F,F,F,F,F,F,F,F,F,F,F,F,F,L,F,F,F,F,F,F,F,F,F,F,F,F,F,F,F,F,F,F,F,F,F,F,F,F,F,F,F,F,F,F,F,F,F,F,F,F,F,F,F,F,F,F,0.98625161250539917,,,0.97252335281710112
477,423,M,M,M,M,M,M,M,I,M,M,M,M,M,M,M,M,M,M,M,M,M,M,M,M,M,M,M,V,S,M,M,A,M,M,M,M,L,L,M,M,T,M,M,M,M,I,T,M,M,M,M,M,M,M,M,M,T,M,0.89577060599752045,,,0.80712433722148291
478,424,G,G,G,G,G,G,G,G,G,G,G,G,G,G,G,G,G,G,G,G,G,G,G,G,G,G,G,G,G,G,G,G,G,G,G,G,G,G,G,G,G,G,G,G,G,A,G,G,G,G,G,G,G,G,G,G,G,G,0.99999999999999989,,,0.99999999999999989
479,425,R,R,R,R,R,R,R,R,R,R,R,R,R,R,R,R,K,K,R,K,Q,Q,Q,Q,Q,Q,Q,Q,Q,Q,Q,Q,Q,Q,Q,Q,Q,Q,Q,Q,Q,R,R,R,R,R,R,R,R,R,R,R,R,R,R,R,R,Q,0.7480730272002144,,,0.7018979282065716
480,426,V,V,V,V,V,V,V,V,V,V,V,V,V,V,V,V,V,V,V,V,V,V,V,V,V,L,V,V,L,F,I,I,I,I,I,I,V,V,I,I,I,V,V,V,V,V,V,I,I,V,V,V,V,V,I,V,V,V,0.8645522149135404,,,0.78278376700393004
481,427,A,M,M,M,M,M,M,M,M,M,M,M,T,T,T,T,T,T,T,M,M,M,M,M,M,M,M,M,T,N,N,N,N,N,N,Y,N,N,N,N,N,A,A,A,S,A,A,S,A,A,A,A,A,A,S,S,A,,,,,0.52831255148397049
482,428,N,H,H,H,H,N,H,H,H,H,T,N,N,N,N,N,D,D,N,N,E,E,E,E,E,E,E,E,Q,H,Q,K,K,K,K,K,K,K,K,K,K,N,N,N,N,E,N,D,D,N,N,N,N,N,N,D,D,,,,,0.5003370516197132
483,429,P,P,P,P,P,P,P,P,P,P,P,P,P,P,P,P,P,P,P,P,P,P,P,P,P,P,P,P,P,P,P,P,P,P,P,P,P,P,P,P,P,P,P,P,P,P,P,P,P,P,P,P,P,P,P,P,P,P,0.99999999999999989,,,0.99999999999999989
484,430,C,E,E,E,E,E,E,E,E,E,D,E,D,D,D,D,D,D,E,D,-,-,-,-,-,-,-,-,Q,Q,-,-,-,-,-,-,-,-,-,-,-,C,C,C,C,C,C,C,C,C,C,C,C,C,C,C,C,,,,,0.19619393141003985
485,431,V,T,T,T,T,T,T,A,A,T,V,L,T,T,T,T,I,I,A,F,-,-,-,-,-,-,-,-,E,Q,-,-,-,-,-,-,-,-,-,-,-,D,T,V,V,D,R,S,S,V,V,V,V,V,P,L,D,,,,,0.13835634702532101
486,432,K,M,M,M,M,M,M,M,M,L,I,I,Q,Q,Q,Q,Q,H,P,Y,-,-,-,-,-,-,-,-,Y,Q,-,-,-,-,-,-,-,-,-,-,-,N,E,N,N,R,S,-,-,K,K,N,D,N,-,-,P,,,,,0.11380557343212717
487,432a,-,N,N,N,N,N,N,N,N,H,D,D,E,E,K,R,T,T,K,D,-,-,-,-,-,-,-,-,-,-,-,-,-,-,-,-,-,-,-,-,-,-,-,-,-,-,S,-,-,-,-,-,-,-,-,-,-,,,,,0.10963379236419619
488,432b,-,T,A,T,T,T,T,T,T,T,A,P,I,I,M,M,T,V,M,A,-,-,-,-,-,-,-,-,-,-,-,-,-,-,-,-,-,-,-,-,-,-,-,-,-,-,-,-,-,-,-,-,-,-,-,-,-,,,,,0.11518831034488812
489,432c,-,S,S,S,S,S,S,S,S,I,T,F,K,K,K,K,K,K,R,L,-,-,-,-,-,-,-,-,-,-,-,-,-,-,-,-,-,-,-,-,-,-,-,-,-,-,-,-,-,-,-,-,-,-,-,-,-,,,,,0.094480523195411364
490,432d,-,G,G,G,G,G,G,G,G,G,G,D,G,G,G,G,G,G,G,G,-,-,-,-,-,-,-,-,-,-,-,-,-,-,-,-,-,-,-,-,-,-,-,-,-,-,-,-,-,-,-,-,-,-,-,-,-,,,,,0.20265271524136527
491,432e,-,H,H,H,H,H,H,H,H,H,P,N,R,R,R,R,R,R,R,R,-,-,-,-,-,-,-,-,-,-,-,-,-,-,-,-,-,-,-,-,-,-,-,-,-,-,-,-,-,-,-,-,-,-,-,-,-,,,,,0.13763623581072257
492,432f,-,D,D,D,D,D,D,D,D,D,D,N,D,D,D,D,D,D,D,D,-,-,-,-,-,-,-,-,-,-,-,-,-,-,-,-,-,-,-,-,-,-,-,-,-,-,-,-,-,-,-,-,-,-,-,-,-,,,,,0.2042615121115689
493,432g,-,F,F,F,F,F,F,F,F,F,F,F,L,L,L,L,L,L,M,V,-,-,-,-,-,-,-,-,-,-,-,-,-,-,-,-,-,-,-,-,-,-,-,-,-,-,-,-,-,-,-,-,-,-,-,-,-,,,,,0.14360713746563619
494,432h,-,E,E,E,E,E,E,E,E,E,D,D,D,D,D,D,D,D,D,E,-,-,-,-,-,-,-,-,-,-,-,-,-,-,-,-,-,-,-,-,-,-,-,-,-,-,-,-,-,-,-,-,-,-,-,-,-,,,,,0.17123992305930363
495,432i,-,E,E,E,E,E,E,E,E,E,S,M,S,S,S,S,S,S,S,S,-,-,-,-,-,-,-,-,-,-,-,-,-,-,-,-,-,-,-,-,-,-,-,-,-,-,-,-,-,-,-,-,-,-,-,-,-,,,,,0.12317309589983071
496,432j,-,L,L,L,L,L,L,L,L,L,L,-,L,L,L,L,L,L,L,L,-,-,-,-,-,-,-,-,-,-,-,-,-,-,-,-,-,-,-,-,-,-,-,-,-,-,-,-,-,-,-,-,-,-,-,-,-,,,,,0.19304795780731338
